date,ad_id,campaign,fb_campaign_id,age,gender,interest,Impressions,Clicks,Spent,Total_Conversion,Approved_Conversion
2021-01-01,708746,Campanha A,103916,30-34,Homem,15,7350,1,1.429999948,2,1
2021-01-02,708749,Campanha A,103917,30-34,Homem,16,17861,2,1.820000023,2,0
2021-01-03,708771,Campanha A,103920,30-34,Homem,20,693,0,0,1,0
2021-01-04,708815,Campanha A,103928,30-34,Homem,28,4259,1,1.25,1,0
2021-01-05,708818,Campanha A,103928,30-34,Homem,28,4133,1,1.289999962,1,1
2021-01-06,708820,Campanha A,103929,30-34,Homem,29,1915,0,0,1,1
2021-01-07,708889,Campanha A,103940,30-34,Homem,15,15615,3,4.769999981,1,0
2021-01-08,708895,Campanha A,103941,30-34,Homem,16,10951,1,1.269999981,1,1
2021-01-09,708953,Campanha A,103951,30-34,Homem,27,2355,1,1.5,1,0
2021-01-10,708958,Campanha A,103952,30-34,Homem,28,9502,3,3.159999967,1,0
2021-01-11,708979,Campanha A,103955,30-34,Homem,31,1224,0,0,1,0
2021-01-12,709023,Campanha A,103962,30-34,Homem,7,735,0,0,1,0
2021-01-13,709038,Campanha A,103965,30-34,Homem,16,5117,0,0,1,0
2021-01-14,709040,Campanha A,103965,30-34,Homem,16,5120,0,0,1,0
2021-01-15,709059,Campanha A,103968,30-34,Homem,20,14669,7,10.28000021,1,1
2021-01-16,709105,Campanha A,103976,30-34,Homem,28,1241,0,0,1,1
2021-01-17,709115,Campanha A,103978,30-34,Homem,30,2305,1,0.569999993,1,0
2021-01-18,709124,Campanha A,103979,30-34,Homem,31,1024,0,0,1,1
2021-01-19,709179,Campanha A,103988,35-39,Homem,15,4627,1,1.690000057,1,0
2021-01-20,709183,Campanha A,103989,35-39,Homem,16,21026,4,4.630000114,2,1
2021-01-21,709320,Campanha A,104012,35-39,Homem,15,1422,0,0,1,1
2021-01-22,709323,Campanha A,104012,35-39,Homem,15,7132,2,2.609999895,1,0
2021-01-23,709326,Campanha A,104013,35-39,Homem,16,12190,2,3.049999952,1,0
2021-01-24,709327,Campanha A,104013,35-39,Homem,16,12193,2,3.059999943,1,1
2021-01-25,709328,Campanha A,104013,35-39,Homem,16,3332,0,0,1,1
2021-01-26,709455,Campanha A,104034,35-39,Homem,7,559,0,0,1,0
2021-01-27,709544,Campanha A,104049,35-39,Homem,29,7440,2,2.980000019,1,1
2021-01-28,709614,Campanha A,104061,40-44,Homem,16,19113,4,5.5200001,1,0
2021-01-29,709756,Campanha A,104085,40-44,Homem,16,10976,2,1.690000057,1,1
2021-01-30,709761,Campanha A,104085,40-44,Homem,16,2861,0,0,1,0
2021-01-31,709899,Campanha A,104108,40-44,Homem,15,1398,0,0,1,1
2021-02-01,709901,Campanha A,104109,40-44,Homem,16,23817,7,8.470000148,1,1
2021-02-02,710045,Campanha A,104133,45-49,Homem,16,47224,12,15.82000017,1,0
2021-02-03,710088,Campanha A,104140,45-49,Homem,24,2283,1,1.470000029,1,0
2021-02-04,710360,Campanha A,104185,45-49,Homem,21,2182,1,1.529999971,1,1
2021-02-05,710477,Campanha A,104205,30-34,Mulher,16,2654,0,0,1,1
2021-02-06,710480,Campanha A,104205,30-34,Mulher,16,57665,14,18.06999969,1,1
2021-02-07,710571,Campanha A,104220,30-34,Mulher,32,3091,1,1.610000014,1,1
2021-02-08,710617,Campanha A,104228,30-34,Mulher,15,5014,1,1.190000057,1,0
2021-02-09,710623,Campanha A,104229,30-34,Mulher,16,38726,7,9.220000267,1,0
2021-02-10,710628,Campanha A,104230,30-34,Mulher,18,1473,0,0,1,0
2021-02-11,710682,Campanha A,104239,30-34,Mulher,27,1186,0,0,1,0
2021-02-12,710763,Campanha A,104252,30-34,Mulher,15,5369,1,1.50999999,1,0
2021-02-13,710836,Campanha A,104265,30-34,Mulher,29,22221,7,9.430000067,1,1
2021-02-14,710867,Campanha A,104270,30-34,Mulher,63,1185,0,0,1,0
2021-02-15,710880,Campanha A,104272,30-34,Mulher,65,13019,5,6.960000038,1,0
2021-02-16,710961,Campanha A,104285,35-39,Mulher,25,2508,1,1.220000029,1,0
2021-02-17,710968,Campanha A,104287,35-39,Mulher,27,5864,2,2.799999952,1,1
2021-02-18,711217,Campanha A,104328,35-39,Mulher,20,2783,1,1.600000024,1,0
2021-02-19,711623,Campanha A,104396,40-44,Mulher,15,3812,1,1.129999995,2,1
2021-02-20,711764,Campanha A,104419,45-49,Mulher,10,11199,4,5.730000019,1,1
2021-02-21,711785,Campanha A,104423,45-49,Mulher,19,292,0,0,1,0
2021-02-22,711877,Campanha A,104438,45-49,Mulher,63,17572,7,9.379999995,1,0
2021-02-23,712052,Campanha A,104467,45-49,Mulher,10,1448,0,0,1,1
2021-01-01,734209,Campanha B,108654,30-34,Homem,10,1772,0,0,1,1
2021-01-02,734210,Campanha B,108654,30-34,Homem,10,13329,4,5.629999995,1,1
2021-01-03,734215,Campanha B,108655,30-34,Homem,15,13659,3,3.840000033,1,0
2021-01-04,734243,Campanha B,108660,30-34,Homem,21,739,0,0,1,1
2021-01-05,734266,Campanha B,108664,30-34,Homem,25,605,0,0,1,0
2021-01-06,734272,Campanha B,108665,30-34,Homem,26,1030,0,0,1,0
2021-01-07,734290,Campanha B,108668,30-34,Homem,29,5374,1,1.039999962,4,0
2021-01-08,734313,Campanha B,108672,30-34,Homem,36,790,0,0,1,1
2021-01-09,734314,Campanha B,108672,30-34,Homem,36,962,0,0,1,0
2021-01-10,734352,Campanha B,108678,35-39,Homem,10,4423,1,1.460000038,1,1
2021-01-11,734361,Campanha B,108680,35-39,Homem,16,12382,2,2.839999914,1,1
2021-01-12,734381,Campanha B,108683,35-39,Homem,20,2938,1,1.350000024,1,1
2021-01-13,734399,Campanha B,108686,35-39,Homem,23,239,0,0,1,0
2021-01-14,734418,Campanha B,108689,35-39,Homem,26,591,0,0,1,0
2021-01-15,734421,Campanha B,108690,35-39,Homem,27,10332,4,5.75,1,0
2021-01-16,734427,Campanha B,108691,35-39,Homem,28,8259,3,3.980000019,1,0
2021-01-17,734433,Campanha B,108692,35-39,Homem,29,12158,3,4.449999928,1,0
2021-01-18,734582,Campanha B,108716,40-44,Homem,29,7709,2,1.320000052,2,0
2021-01-19,734605,Campanha B,108720,40-44,Homem,36,834,0,0,1,0
2021-01-20,734660,Campanha B,108729,45-49,Homem,18,1299,0,0,2,0
2021-01-21,734666,Campanha B,108730,45-49,Homem,19,371,0,0,1,0
2021-01-22,734726,Campanha B,108740,45-49,Homem,29,10466,3,4.090000033,1,0
2021-01-23,734737,Campanha B,108742,45-49,Homem,31,839,0,0,1,0
2021-01-24,734785,Campanha B,108750,30-34,Mulher,10,5576,1,1.529999971,1,1
2021-01-25,734794,Campanha B,108752,30-34,Mulher,16,4010,0,0,1,0
2021-01-26,734796,Campanha B,108752,30-34,Mulher,16,39337,7,10.03000009,1,1
2021-01-27,734800,Campanha B,108753,30-34,Mulher,18,1635,0,0,1,0
2021-01-28,734803,Campanha B,108753,30-34,Mulher,18,1631,0,0,1,0
2021-01-29,734852,Campanha B,108761,30-34,Mulher,26,13479,3,4.25,1,0
2021-01-30,734854,Campanha B,108762,30-34,Mulher,27,57022,13,20.29000032,3,3
2021-01-31,734856,Campanha B,108762,30-34,Mulher,27,5453,1,1.389999986,1,1
2021-02-01,734866,Campanha B,108764,30-34,Mulher,29,11803,3,4.440000057,1,0
2021-02-02,734881,Campanha B,108766,30-34,Mulher,31,4259,1,1.570000052,1,1
2021-02-03,734901,Campanha B,108770,30-34,Mulher,64,1554,0,0,1,0
2021-02-04,734903,Campanha B,108770,30-34,Mulher,64,5323,1,1.289999962,1,1
2021-02-05,734925,Campanha B,108774,35-39,Mulher,10,5024,1,1.409999967,1,1
2021-02-06,734939,Campanha B,108776,35-39,Mulher,16,104648,24,33.33000004,4,2
2021-02-07,734968,Campanha B,108781,35-39,Mulher,22,8504,3,3.340000093,1,1
2021-02-08,734999,Campanha B,108786,35-39,Mulher,27,20277,6,8.050000072,1,0
2021-02-09,735014,Campanha B,108788,35-39,Mulher,29,12403,4,5.210000038,1,1
2021-02-10,735032,Campanha B,108791,35-39,Mulher,32,498,0,0,1,1
2021-02-11,735033,Campanha B,108792,35-39,Mulher,36,652,0,0,0,0
2021-02-12,735043,Campanha B,108793,35-39,Mulher,63,1357,0,0,1,1
2021-02-13,735048,Campanha B,108794,35-39,Mulher,64,1393,0,0,1,0
2021-02-14,735065,Campanha B,108797,40-44,Mulher,7,648,0,0,1,0
2021-02-15,735109,Campanha B,108804,40-44,Mulher,21,708,0,0,1,1
2021-02-16,735140,Campanha B,108809,40-44,Mulher,26,6907,2,2.349999964,1,0
2021-02-17,735143,Campanha B,108810,40-44,Mulher,27,39035,13,19.32999957,1,0
2021-02-18,735151,Campanha B,108811,40-44,Mulher,28,926,0,0,1,0
2021-02-19,735184,Campanha B,108817,40-44,Mulher,63,4412,1,1.450000048,1,0
2021-02-20,735189,Campanha B,108818,40-44,Mulher,64,9965,3,4.050000072,1,0
2021-02-21,735213,Campanha B,108822,45-49,Mulher,10,73634,23,32.97999978,1,0
2021-02-22,735220,Campanha B,108823,45-49,Mulher,15,69708,20,31.28999949,1,0
2021-02-23,735242,Campanha B,108826,45-49,Mulher,19,530,0,0,1,0
2021-02-24,735247,Campanha B,108827,45-49,Mulher,20,14257,6,8.789999962,1,0
2021-02-25,735289,Campanha B,108834,45-49,Mulher,27,20362,5,9.119999886,1,1
2021-02-26,735290,Campanha B,108834,45-49,Mulher,27,12215,4,6.26000011,1,0
2021-02-27,735298,Campanha B,108836,45-49,Mulher,29,85412,28,38.63999999,2,1
2021-02-28,736869,Campanha B,109448,30-34,Homem,2,2338,1,0.239999995,1,0
2021-03-01,736890,Campanha B,109451,30-34,Homem,15,2522,0,0,1,0
2021-03-02,736893,Campanha B,109452,30-34,Homem,16,3587,0,0,1,0
2021-03-03,736977,Campanha B,109470,30-34,Homem,27,1273,0,0,1,0
2021-03-04,736988,Campanha B,109472,30-34,Homem,28,3891,1,1.090000033,1,0
2021-03-05,736995,Campanha B,109473,30-34,Homem,29,1888,0,0,1,0
2021-03-06,736997,Campanha B,109473,30-34,Homem,29,1895,0,0,1,0
2021-03-07,737097,Campanha B,109498,35-39,Homem,7,715,0,0,1,0
2021-03-08,737130,Campanha B,109507,35-39,Homem,16,11199,2,2.680000067,1,0
2021-03-09,737320,Campanha B,109553,35-39,Homem,63,5676,2,3.00999999,1,0
2021-03-10,737375,Campanha B,109565,40-44,Homem,10,1415,0,0,1,0
2021-03-11,737524,Campanha B,109601,40-44,Homem,30,2148,1,1.580000043,1,1
2021-03-12,737644,Campanha B,109629,45-49,Homem,16,45401,10,14.06000042,1,0
2021-03-13,737657,Campanha B,109633,45-49,Homem,18,7478,2,2.900000095,1,1
2021-03-14,737658,Campanha B,109633,45-49,Homem,18,4919,1,1.590000033,1,0
2021-03-15,737674,Campanha B,109637,45-49,Homem,20,533,0,0,1,1
2021-03-16,737766,Campanha B,109659,45-49,Homem,29,1447,0,0,1,1
2021-03-17,737896,Campanha B,109689,30-34,Mulher,16,17553,3,4.590000153,1,0
2021-03-18,737931,Campanha B,109698,30-34,Mulher,20,3343,1,0.540000021,1,0
2021-03-19,737961,Campanha B,109706,30-34,Mulher,23,523,0,0,1,0
2021-03-20,737995,Campanha B,109714,30-34,Mulher,26,1873,0,0,1,0
2021-03-21,738006,Campanha B,109717,30-34,Mulher,27,34740,7,13.41000009,1,1
2021-03-22,738067,Campanha B,109731,30-34,Mulher,32,658,0,0,1,0
2021-03-23,738098,Campanha B,109738,30-34,Mulher,64,1539,0,0,1,0
2021-03-24,738307,Campanha B,109788,35-39,Mulher,31,3010,1,0.860000014,1,1
2021-03-25,738389,Campanha B,109808,40-44,Mulher,10,27081,9,10.77000046,1,1
2021-03-26,738408,Campanha B,109813,40-44,Mulher,16,20233,4,5.590000153,3,0
2021-03-27,738413,Campanha B,109813,40-44,Mulher,16,147159,36,58.16000044,3,1
2021-03-28,738423,Campanha B,109816,40-44,Mulher,18,21664,7,10.61999977,1,1
2021-03-29,738436,Campanha B,109820,40-44,Mulher,19,9112,4,5.460000038,1,1
2021-03-30,738463,Campanha B,109826,40-44,Mulher,21,542,0,0,1,0
2021-03-31,738528,Campanha B,109839,40-44,Mulher,30,402,0,0,1,1
2021-04-01,738560,Campanha B,109844,40-44,Mulher,64,1338,0,0,1,0
2021-04-02,738582,Campanha B,109848,45-49,Mulher,10,46150,15,20.17999983,1,1
2021-04-03,738592,Campanha B,109850,45-49,Mulher,16,493821,116,176.3799977,4,1
2021-04-04,738593,Campanha B,109850,45-49,Mulher,16,92011,27,34.39000046,2,1
2021-04-05,738598,Campanha B,109851,45-49,Mulher,18,12956,4,5.49000001,1,1
2021-04-06,738606,Campanha B,109852,45-49,Mulher,19,529,0,0,1,0
2021-04-07,738637,Campanha B,109857,45-49,Mulher,24,944,1,1.419999957,1,0
2021-04-08,738648,Campanha B,109859,45-49,Mulher,26,111090,38,51.97000027,5,1
2021-04-09,747212,Campanha B,110836,30-34,Homem,10,7208,2,3.190000057,1,0
2021-04-10,747213,Campanha B,110836,30-34,Homem,10,1746,0,0,1,0
2021-04-11,747220,Campanha B,110837,30-34,Homem,15,2474,0,0,2,2
2021-04-12,747222,Campanha B,110838,30-34,Homem,16,12489,2,1.960000038,1,0
2021-04-13,747223,Campanha B,110838,30-34,Homem,16,8032,1,0.600000024,2,0
2021-04-14,747248,Campanha B,110842,30-34,Homem,21,472,0,0,1,1
2021-04-15,747332,Campanha B,110856,30-34,Homem,64,792,0,0,1,1
2021-04-16,747362,Campanha B,110861,35-39,Homem,15,4607,1,1.149999976,1,1
2021-04-17,747369,Campanha B,110862,35-39,Homem,16,13355,2,3.180000067,1,1
2021-04-18,747370,Campanha B,110862,35-39,Homem,16,2936,0,0,1,0
2021-04-19,747401,Campanha B,110867,35-39,Homem,22,2793,1,0.980000019,1,1
2021-04-20,747435,Campanha B,110873,35-39,Homem,28,1032,0,0,1,0
2021-04-21,747439,Campanha B,110874,35-39,Homem,29,1662,0,0,1,1
2021-04-22,747489,Campanha B,110882,40-44,Homem,2,4016,2,1.480000049,1,1
2021-04-23,747514,Campanha B,110886,40-44,Homem,16,14843,3,2.939999938,1,1
2021-04-24,747645,Campanha B,110908,45-49,Homem,10,9674,3,4.600000024,1,1
2021-04-25,747659,Campanha B,110910,45-49,Homem,16,12186,2,2.669999957,1,0
2021-04-26,747675,Campanha B,110913,45-49,Homem,20,673,0,0,1,0
2021-04-27,747678,Campanha B,110914,45-49,Homem,21,370,0,0,1,1
2021-04-28,747712,Campanha B,110919,45-49,Homem,26,450,0,0,1,1
2021-04-29,747790,Campanha B,110932,30-34,Mulher,10,2077,0,0,1,1
2021-04-30,747791,Campanha B,110932,30-34,Mulher,10,31393,8,10.96000051,1,1
2021-05-01,747795,Campanha B,110933,30-34,Mulher,15,8410,2,2.359999895,1,1
2021-05-02,747798,Campanha B,110934,30-34,Mulher,16,25884,5,7.350000143,1,0
2021-05-03,747824,Campanha B,110938,30-34,Mulher,21,608,0,0,1,1
2021-05-04,747828,Campanha B,110939,30-34,Mulher,22,28488,10,9.340000033,1,0
2021-05-05,747852,Campanha B,110943,30-34,Mulher,26,10126,3,4.619999886,1,0
2021-05-06,747859,Campanha B,110944,30-34,Mulher,27,22572,5,8.5,1,0
2021-05-07,747863,Campanha B,110944,30-34,Mulher,27,1955,0,0,1,1
2021-05-08,747879,Campanha B,110947,30-34,Mulher,30,493,0,0,1,0
2021-05-09,747903,Campanha B,110951,30-34,Mulher,63,1491,0,0,1,1
2021-05-10,747911,Campanha B,110952,30-34,Mulher,64,1495,0,0,1,1
2021-05-11,747968,Campanha B,110962,35-39,Mulher,21,512,0,0,0,0
2021-05-12,747991,Campanha B,110966,35-39,Mulher,25,4868,2,2.420000076,1,0
2021-05-13,748000,Campanha B,110967,35-39,Mulher,26,6585,2,2.950000048,1,0
2021-05-14,748007,Campanha B,110968,35-39,Mulher,27,10164,2,3.720000029,1,1
2021-05-15,748014,Campanha B,110970,35-39,Mulher,29,11182,4,4.449999809,1,0
2021-05-16,748045,Campanha B,110975,35-39,Mulher,63,1238,0,0,1,0
2021-05-17,748086,Campanha B,110982,40-44,Mulher,16,34127,8,13.07000017,1,0
2021-05-18,748087,Campanha B,110982,40-44,Mulher,16,29466,7,10.84999967,2,0
2021-05-19,748089,Campanha B,110982,40-44,Mulher,16,38759,9,10.84999967,1,0
2021-05-20,748091,Campanha B,110982,40-44,Mulher,16,41720,10,12.06000006,1,1
2021-05-21,748225,Campanha B,111005,45-49,Mulher,15,18602,5,8.860000134,1,0
2021-05-22,748230,Campanha B,111006,45-49,Mulher,16,83929,21,27.72999954,4,1
2021-05-23,748231,Campanha B,111006,45-49,Mulher,16,25194,6,7.349999905,1,0
2021-05-24,748233,Campanha B,111006,45-49,Mulher,16,78627,19,26.53000045,1,0
2021-05-25,748235,Campanha B,111006,45-49,Mulher,16,102695,25,39.42999983,3,0
2021-05-26,748294,Campanha B,111016,45-49,Mulher,27,82827,24,47.93000031,3,0
2021-05-27,748295,Campanha B,111016,45-49,Mulher,27,9240,3,6.039999962,1,0
2021-05-28,748303,Campanha B,111018,45-49,Mulher,29,7706,2,2.369999886,1,0
2021-05-29,748314,Campanha B,111020,45-49,Mulher,31,7821,4,6.340000153,1,1
2021-05-30,748341,Campanha B,111024,45-49,Mulher,64,1363,0,0,1,1
2021-05-31,776318,Campanha B,115484,45-49,Mulher,15,3569,0,0,1,1
2021-06-01,776322,Campanha B,115485,45-49,Mulher,16,119063,34,53.21999949,1,0
2021-06-02,776323,Campanha B,115485,45-49,Mulher,16,99078,23,35.79999948,2,0
2021-06-03,776325,Campanha B,115485,45-49,Mulher,16,452398,114,180.2200012,1,0
2021-06-04,776334,Campanha B,115487,45-49,Mulher,10,191223,48,76.41000056,1,0
2021-06-05,776336,Campanha B,115487,45-49,Mulher,10,22216,6,9.549999952,1,0
2021-06-06,776338,Campanha B,115487,45-49,Mulher,10,48291,11,18.01999998,1,0
2021-06-07,776353,Campanha B,115490,40-44,Mulher,63,27559,8,13.37,1,0
2021-06-08,776373,Campanha B,115493,45-49,Mulher,25,10194,4,4.590000033,2,1
2021-06-09,776383,Campanha B,115495,45-49,Mulher,23,1168,0,0,1,1
2021-06-10,776405,Campanha B,115498,45-49,Mulher,21,40126,16,25.86000001,1,0
2021-06-11,776416,Campanha B,115500,45-49,Mulher,19,3659,1,0.49000001,1,1
2021-06-12,776430,Campanha B,115503,30-34,Homem,10,3200,0,0,1,0
2021-06-13,776464,Campanha B,115508,45-49,Mulher,29,7550,1,1.679999948,1,1
2021-06-14,776469,Campanha B,115509,45-49,Mulher,28,45397,15,25.41999936,1,1
2021-06-15,776473,Campanha B,115510,30-34,Homem,16,23086,2,3.310000062,1,1
2021-06-16,776475,Campanha B,115510,30-34,Homem,16,16425,1,1.549999952,1,0
2021-06-17,776476,Campanha B,115510,30-34,Homem,16,43756,5,5.439999938,0,0
2021-06-18,776477,Campanha B,115510,30-34,Homem,16,9982,0,0,1,0
2021-06-19,776489,Campanha B,115512,45-49,Mulher,26,175389,55,81.60999787,1,0
2021-06-20,776494,Campanha B,115513,30-34,Homem,15,7015,0,0,1,0
2021-06-21,776515,Campanha B,115517,45-49,Mulher,65,12706,3,4.98999989,1,1
2021-06-22,776519,Campanha B,115517,45-49,Mulher,65,70702,20,31.7099998,1,0
2021-06-23,776533,Campanha B,115520,45-49,Mulher,63,63927,16,25.52000046,2,0
2021-06-24,776534,Campanha B,115520,45-49,Mulher,63,15105,3,4.25999999,1,0
2021-06-25,776538,Campanha B,115521,30-34,Mulher,15,8774,1,1.830000043,1,0
2021-06-26,776551,Campanha B,115523,30-34,Mulher,16,14459,1,1.389999986,1,0
2021-06-27,776552,Campanha B,115523,30-34,Mulher,16,21596,2,2.809999943,1,0
2021-06-28,776553,Campanha B,115523,30-34,Mulher,16,66765,8,11.04999971,1,0
2021-06-29,776563,Campanha B,115525,30-34,Mulher,7,1369,0,0,1,1
2021-06-30,776579,Campanha B,115527,30-34,Mulher,10,26910,5,7.229999781,1,0
2021-07-01,776603,Campanha B,115531,30-34,Mulher,2,506,0,0,1,0
2021-07-02,776615,Campanha B,115533,45-49,Homem,63,11988,3,4.269999862,1,0
2021-07-03,776623,Campanha B,115535,45-49,Homem,64,19353,6,9.4799999,1,1
2021-07-04,776631,Campanha B,115536,40-44,Homem,29,10960,2,2.890000105,1,0
2021-07-05,776643,Campanha B,115538,30-34,Homem,15,33491,6,10.56999969,2,1
2021-07-06,776644,Campanha B,115538,30-34,Homem,15,20083,2,3.200000048,2,1
2021-07-07,776659,Campanha B,115541,30-34,Homem,16,8817,0,0,1,1
2021-07-08,776661,Campanha B,115541,30-34,Homem,16,15466,1,0.970000029,1,0
2021-07-09,776662,Campanha B,115541,30-34,Homem,16,27072,3,4.370000005,1,0
2021-07-10,776663,Campanha B,115541,30-34,Homem,16,15753,1,0.569999993,1,1
2021-07-11,776668,Campanha B,115542,40-44,Homem,19,3523,1,1.809999943,1,1
2021-07-12,776685,Campanha B,115545,40-44,Homem,16,7745,0,0,1,0
2021-07-13,776686,Campanha B,115545,40-44,Homem,16,18709,2,3.319999933,1,0
2021-07-14,776687,Campanha B,115545,40-44,Homem,16,8022,0,0,2,1
2021-07-15,776696,Campanha B,115547,30-34,Homem,10,7966,1,1.179999948,1,1
2021-07-16,776697,Campanha B,115547,30-34,Homem,10,4132,0,0,1,1
2021-07-17,776698,Campanha B,115547,30-34,Homem,10,12785,3,4.730000019,2,1
2021-07-18,776699,Campanha B,115547,30-34,Homem,10,8213,1,1.379999995,1,1
2021-07-19,776722,Campanha B,115551,30-34,Homem,2,545,0,0,1,1
2021-07-20,776725,Campanha B,115552,40-44,Homem,23,2479,1,1.25999999,1,0
2021-07-21,776780,Campanha B,115561,40-44,Homem,2,3812,2,3.049999952,1,0
2021-07-22,776793,Campanha B,115563,45-49,Homem,21,1609,0,0,1,0
2021-07-23,776799,Campanha B,115564,45-49,Homem,20,10257,3,3.579999924,1,1
2021-07-24,776817,Campanha B,115567,40-44,Homem,10,12356,4,6.279999971,1,0
2021-07-25,776825,Campanha B,115568,45-49,Homem,18,7410,1,1.210000038,1,0
2021-07-26,776829,Campanha B,115569,45-49,Homem,16,140098,28,46.63000011,1,0
2021-07-27,776831,Campanha B,115569,45-49,Homem,16,107021,20,34.44000012,1,0
2021-07-28,776840,Campanha B,115571,35-39,Homem,36,2797,1,1.289999962,1,0
2021-07-29,776861,Campanha B,115574,45-49,Homem,7,16461,6,9.21999979,1,0
2021-07-30,776892,Campanha B,115580,40-44,Homem,63,17488,5,7.719999909,1,0
2021-07-31,776928,Campanha B,115586,35-39,Homem,10,9750,2,1.5,1,1
2021-08-01,776935,Campanha B,115587,45-49,Homem,36,1136,0,0,1,1
2021-08-02,777105,Campanha B,115615,45-49,Homem,63,4333,1,0.180000007,1,1
2021-08-03,777130,Campanha B,115619,35-39,Homem,16,6260,0,0,1,0
2021-08-04,777131,Campanha B,115619,35-39,Homem,16,6359,0,0,1,0
2021-08-05,777166,Campanha B,115625,30-34,Homem,63,2383,0,0,1,1
2021-08-06,777187,Campanha B,115629,40-44,Homem,27,11292,3,5.389999866,1,1
2021-08-07,777198,Campanha B,115631,30-34,Homem,64,12729,4,5.779999852,1,0
2021-08-08,777200,Campanha B,115631,30-34,Homem,64,1898,0,0,1,1
2021-08-09,777201,Campanha B,115631,30-34,Homem,64,1882,0,0,1,1
2021-08-10,777235,Campanha B,115637,30-34,Homem,65,2883,1,0.99000001,1,1
2021-08-11,777248,Campanha B,115639,30-34,Mulher,7,3989,1,1.279999971,1,0
2021-08-12,777261,Campanha B,115641,40-44,Homem,29,19603,4,5.279999971,1,1
2021-08-13,777382,Campanha B,115675,40-44,Homem,24,3047,1,1.379999995,1,0
2021-08-14,777398,Campanha B,115677,35-39,Homem,24,3029,1,1.049999952,1,1
2021-08-15,777410,Campanha B,115679,45-49,Homem,26,3490,1,1.340000033,1,1
2021-08-16,777482,Campanha B,115691,45-49,Homem,28,2479,0,0,1,0
2021-08-17,777495,Campanha B,115693,40-44,Homem,19,19581,7,10.42999983,2,0
2021-08-18,777519,Campanha B,115697,45-49,Homem,29,19537,5,6.099999905,1,0
2021-08-19,777625,Campanha B,115715,45-49,Homem,16,59433,12,19.65999949,3,0
2021-08-20,777627,Campanha B,115715,45-49,Homem,16,157534,33,56.19000077,2,0
2021-08-21,777638,Campanha B,115717,40-44,Homem,7,1781,0,0,1,1
2021-08-22,777670,Campanha B,115723,40-44,Homem,16,23769,4,6.029999852,1,0
2021-08-23,777673,Campanha B,115723,40-44,Homem,16,7101,0,0,1,0
2021-08-24,777742,Campanha B,115735,35-39,Homem,64,4726,1,1.830000043,1,1
2021-08-25,777758,Campanha B,115737,30-34,Homem,19,5209,1,0.959999979,2,0
2021-08-26,777794,Campanha B,115743,30-34,Homem,18,13473,3,2.619999945,3,0
2021-08-27,777816,Campanha B,115747,40-44,Homem,2,500,0,0,1,1
2021-08-28,777871,Campanha B,115756,30-34,Homem,20,4616,1,1.360000014,1,0
2021-08-29,777904,Campanha B,115762,30-34,Homem,31,3279,0,0,1,0
2021-08-30,777905,Campanha B,115762,30-34,Homem,31,3288,0,0,1,0
2021-08-31,778037,Campanha B,115784,35-39,Homem,27,14615,4,6.050000191,1,0
2021-09-01,778048,Campanha B,115786,30-34,Homem,27,56615,12,19.88000035,2,0
2021-09-02,778085,Campanha B,115792,30-34,Homem,26,11735,3,4.529999971,1,1
2021-09-03,778087,Campanha B,115792,30-34,Homem,26,15910,5,6.779999852,1,0
2021-09-04,778112,Campanha B,115796,35-39,Homem,29,11446,2,3.090000033,1,1
2021-09-05,778113,Campanha B,115796,35-39,Homem,29,4595,0,0,1,0
2021-09-06,778124,Campanha B,115798,30-34,Homem,29,4871,0,0,1,0
2021-09-07,778148,Campanha B,115802,35-39,Homem,28,3199,0,0,1,0
2021-09-08,778156,Campanha B,115804,30-34,Homem,28,9388,2,3.140000105,1,0
2021-09-09,778161,Campanha B,115804,30-34,Homem,28,17954,6,7.5400002,2,1
2021-09-10,778208,Campanha B,115812,40-44,Mulher,29,2755,0,0,1,0
2021-09-11,778264,Campanha B,115822,40-44,Mulher,27,8152,1,0.99000001,1,0
2021-09-12,778266,Campanha B,115822,40-44,Mulher,27,74542,19,34.1500001,1,0
2021-09-13,778421,Campanha B,115848,40-44,Mulher,20,6699,2,3.090000033,1,0
2021-09-14,778422,Campanha B,115848,40-44,Mulher,20,11911,4,3.959999919,1,0
2021-09-15,778461,Campanha B,115854,40-44,Homem,29,10090,2,2.650000095,1,1
2021-09-16,778471,Campanha B,115856,30-34,Homem,32,1273,0,0,1,1
2021-09-17,778483,Campanha B,115858,40-44,Mulher,18,24188,5,8.179999828,1,0
2021-09-18,778529,Campanha B,115866,30-34,Homem,31,2214,0,0,1,0
2021-09-19,778556,Campanha B,115870,40-44,Homem,32,9735,4,4.130000114,1,1
2021-09-20,778590,Campanha B,115876,30-34,Homem,30,1371,0,0,1,1
2021-09-21,778600,Campanha B,115878,40-44,Mulher,22,10750,4,5.389999866,1,0
2021-09-22,778626,Campanha B,115882,30-34,Homem,29,7629,1,0.720000029,1,1
2021-09-23,778628,Campanha B,115882,30-34,Homem,29,4608,0,0,1,0
2021-09-24,778674,Campanha B,115890,35-39,Homem,29,3732,0,0,1,0
2021-09-25,778689,Campanha B,115892,30-34,Homem,28,7453,1,1.679999948,1,1
2021-09-26,778722,Campanha B,115898,35-39,Mulher,64,41785,14,19.10000038,1,0
2021-09-27,778737,Campanha B,115900,35-39,Homem,27,8077,2,3.579999924,1,1
2021-09-28,778756,Campanha B,115904,35-39,Mulher,63,5602,1,1.580000043,1,0
2021-09-29,778804,Campanha B,115912,30-34,Homem,26,6184,2,2.75,1,1
2021-09-30,778808,Campanha B,115912,30-34,Homem,26,1738,0,0,1,0
2021-10-01,778964,Campanha B,115938,35-39,Mulher,27,112460,25,41.29000068,1,0
2021-10-02,779057,Campanha B,115954,40-44,Homem,15,4414,0,0,1,0
2021-10-03,779106,Campanha B,115962,35-39,Mulher,30,14670,7,9.410000324,1,0
2021-10-04,779438,Campanha B,116031,30-34,Mulher,64,33144,9,13.40999985,1,0
2021-10-05,779453,Campanha B,116033,45-49,Homem,64,4397,1,0.949999988,1,0
2021-10-06,779488,Campanha B,116039,45-49,Homem,65,1006,0,0,1,0
2021-10-07,779573,Campanha B,116053,35-39,Mulher,10,89527,24,32.28999996,1,0
2021-10-08,779608,Campanha B,116059,35-39,Mulher,15,2459,0,0,1,0
2021-10-09,779609,Campanha B,116059,35-39,Mulher,15,7116,2,1.730000019,1,1
2021-10-10,779622,Campanha B,116061,30-34,Mulher,15,8613,1,0.889999986,2,0
2021-10-11,779631,Campanha B,116063,35-39,Mulher,16,9730,1,1.379999995,1,0
2021-10-12,779644,Campanha B,116065,30-34,Mulher,16,51816,8,10.2299999,2,1
2021-10-13,779645,Campanha B,116065,30-34,Mulher,16,27289,3,4.429999828,1,0
2021-10-14,779715,Campanha B,116077,30-34,Mulher,29,20409,4,3.829999924,1,0
2021-10-15,779716,Campanha B,116077,30-34,Mulher,29,8044,1,1.110000014,1,0
2021-10-16,779738,Campanha B,116081,30-34,Mulher,28,15645,4,5.349999905,1,0
2021-10-17,779778,Campanha B,116087,30-34,Mulher,31,2466,0,0,2,2
2021-10-18,779789,Campanha B,116089,45-49,Homem,10,11611,3,3.950000048,1,1
2021-10-19,779824,Campanha B,116095,45-49,Homem,7,9375,3,4.019999981,1,0
2021-10-20,779871,Campanha B,116103,30-34,Mulher,32,4402,1,1.330000043,1,1
2021-10-21,779918,Campanha B,116111,30-34,Mulher,18,8469,2,3.089999914,1,0
2021-10-22,779922,Campanha B,116111,30-34,Mulher,18,5823,1,1.419999957,1,1
2021-10-23,779944,Campanha B,116115,35-39,Homem,10,2549,0,0,1,0
2021-10-24,779979,Campanha B,116121,35-39,Homem,16,25817,4,6.019999981,1,0
2021-10-25,779995,Campanha B,116123,30-34,Mulher,20,1961,0,0,1,0
2021-10-26,780064,Campanha B,116135,30-34,Mulher,22,2554,0,0,1,0
2021-10-27,780104,Campanha B,116147,30-34,Mulher,25,4971,1,1.230000019,1,1
2021-10-28,780199,Campanha B,116163,35-39,Mulher,23,1030,0,0,1,1
2021-10-29,780318,Campanha B,116183,45-49,Mulher,29,162341,56,77.07999969,3,0
2021-10-30,780323,Campanha B,116183,45-49,Mulher,29,24542,7,9.329999924,1,0
2021-10-31,780486,Campanha B,116216,30-34,Mulher,65,2879,0,0,1,1
2021-11-01,780498,Campanha B,116218,30-34,Mulher,64,13621,3,4.090000033,1,0
2021-11-02,780511,Campanha B,116220,30-34,Mulher,63,6175,1,1.370000005,2,1
2021-11-03,780629,Campanha B,116240,30-34,Mulher,28,2963,0,0,1,0
2021-11-04,780653,Campanha B,116244,30-34,Mulher,29,9076,1,1.379999995,1,1
2021-11-05,780655,Campanha B,116244,30-34,Mulher,29,20941,4,5.909999967,1,1
2021-11-06,780666,Campanha B,116246,45-49,Mulher,10,3462,0,0,1,0
2021-11-07,780681,Campanha B,116248,30-34,Mulher,26,4073,0,0,1,1
2021-11-08,780700,Campanha B,116252,30-34,Mulher,27,3745,0,0,1,0
2021-11-09,780748,Campanha B,116265,30-34,Mulher,24,830,0,0,1,0
2021-11-10,780759,Campanha B,116267,45-49,Mulher,18,2912,0,0,1,0
2021-11-11,780760,Campanha B,116267,45-49,Mulher,18,17167,5,6.910000086,1,0
2021-11-12,780797,Campanha B,116273,30-34,Mulher,22,24491,7,9.539999962,1,0
2021-11-13,780799,Campanha B,116273,30-34,Mulher,22,44699,13,17.30000037,2,0
2021-11-14,780821,Campanha B,116277,30-34,Mulher,23,6469,2,1.309999943,1,0
2021-11-15,780830,Campanha B,116279,45-49,Mulher,16,16053,3,4.079999924,1,1
2021-11-16,780835,Campanha B,116279,45-49,Mulher,16,54724,12,17.92999995,1,1
2021-11-17,780867,Campanha B,116285,30-34,Mulher,21,4706,1,1.220000029,1,0
2021-11-18,780974,Campanha B,116303,40-44,Mulher,32,8316,3,4.569999933,1,1
2021-11-19,781066,Campanha B,116323,40-44,Mulher,22,5794,2,2.269999981,1,0
2021-11-20,781114,Campanha B,116331,40-44,Mulher,18,4813,1,1.029999971,1,0
2021-11-21,781159,Campanha B,116339,40-44,Mulher,10,85285,26,36.13000035,1,0
2021-11-22,781162,Campanha B,116339,40-44,Mulher,10,5839,1,1.370000005,1,0
2021-11-23,781175,Campanha B,116341,40-44,Mulher,15,5859,1,1.539999962,1,0
2021-11-24,781187,Campanha B,116343,40-44,Mulher,16,164118,41,59.06999993,1,0
2021-11-25,781195,Campanha B,116345,35-39,Mulher,63,18234,6,7.810000062,1,0
2021-11-26,781207,Campanha B,116347,35-39,Mulher,64,2755,0,0,1,0
2021-11-27,781303,Campanha B,116363,35-39,Mulher,27,73676,20,28.5,1,0
2021-11-28,781305,Campanha B,116363,35-39,Mulher,27,18421,7,10.07999992,1,0
2021-11-29,781327,Campanha B,116367,35-39,Mulher,29,164754,49,67.97999978,2,1
2021-11-30,781353,Campanha B,116371,35-39,Mulher,10,7449,1,1.639999986,1,1
2021-12-01,781354,Campanha B,116371,35-39,Mulher,10,6424,1,0.529999971,1,0
2021-12-02,781438,Campanha B,116385,30-34,Homem,63,2086,0,0,1,0
2021-12-03,781470,Campanha B,116391,35-39,Homem,16,6016,0,0,1,0
2021-12-04,781499,Campanha B,116395,35-39,Homem,15,6412,1,1.370000005,1,0
2021-12-05,781508,Campanha B,116397,30-34,Mulher,63,5040,1,1.440000057,1,0
2021-12-06,781556,Campanha B,116405,30-34,Mulher,32,1772,0,0,1,0
2021-12-07,781559,Campanha B,116405,30-34,Mulher,32,1783,0,0,1,0
2021-12-08,781606,Campanha B,116413,35-39,Homem,20,8200,3,3.919999957,1,0
2021-12-09,781690,Campanha B,116427,45-49,Mulher,26,115896,38,49.44000006,1,0
2021-12-10,781811,Campanha B,116447,35-39,Mulher,16,10186,1,1.230000019,1,1
2021-12-11,781857,Campanha B,116455,30-34,Homem,20,9134,3,4.180000067,2,0
2021-12-12,781858,Campanha B,116455,30-34,Homem,20,3385,1,1.440000057,1,1
2021-12-13,781907,Campanha B,116463,45-49,Mulher,21,1314,0,0,1,0
2021-12-14,781928,Campanha B,116467,30-34,Homem,18,2916,0,0,1,1
2021-12-15,781929,Campanha B,116467,30-34,Homem,18,6142,1,1.330000043,1,0
2021-12-16,781950,Campanha B,116471,30-34,Mulher,20,1984,0,0,1,0
2021-12-17,781999,Campanha B,116479,30-34,Homem,24,9142,3,3.749999881,1,0
2021-12-18,782001,Campanha B,116479,30-34,Homem,24,5475,2,2.730000019,1,1
2021-12-19,782022,Campanha B,116483,30-34,Mulher,18,8254,2,2.320000052,1,1
2021-12-20,782026,Campanha B,116483,30-34,Mulher,18,5704,1,1.320000052,1,0
2021-12-21,782130,Campanha B,116501,30-34,Mulher,16,7301,0,0,1,0
2021-12-22,782134,Campanha B,116501,30-34,Mulher,16,37873,5,6.169999957,1,1
2021-12-23,782135,Campanha B,116501,30-34,Mulher,16,25267,4,4.940000057,2,1
2021-12-24,782171,Campanha B,116507,30-34,Mulher,30,535,0,0,1,0
2021-12-25,782180,Campanha B,116509,30-34,Homem,29,3396,0,0,1,0
2021-12-26,782219,Campanha B,116515,30-34,Homem,26,977,0,0,1,0
2021-12-27,782228,Campanha B,116517,40-44,Mulher,63,12318,5,6.340000153,1,1
2021-12-28,782242,Campanha B,116519,30-34,Mulher,28,4783,1,0.860000014,1,0
2021-12-29,782275,Campanha B,116525,30-34,Mulher,29,6475,1,1.350000024,1,0
2021-12-30,782337,Campanha B,116535,45-49,Mulher,16,104578,29,39.25000095,1,1
2021-12-31,782407,Campanha B,116547,45-49,Mulher,10,33664,11,12.51000035,1,0
2022-01-01,782443,Campanha B,116553,40-44,Mulher,20,979,0,0,1,0
2022-01-02,782541,Campanha B,116569,40-44,Mulher,28,7337,3,4.079999924,1,0
2022-01-03,782587,Campanha B,116577,30-34,Homem,10,2499,0,0,1,0
2022-01-04,782647,Campanha B,116587,40-44,Mulher,27,11244,3,4.550000191,1,0
2022-01-05,782658,Campanha B,116589,30-34,Homem,15,4827,0,0,1,0
2022-01-06,782694,Campanha B,116595,35-39,Mulher,29,29035,7,8.910000086,2,2
2022-01-07,782706,Campanha B,116597,35-39,Mulher,30,761,0,0,1,0
2022-01-08,782754,Campanha B,116605,35-39,Mulher,26,6532,1,1.610000014,1,0
2022-01-09,782815,Campanha B,116615,40-44,Mulher,10,11537,3,4.300000191,1,0
2022-01-10,782816,Campanha B,116615,40-44,Mulher,10,12183,3,2.869999945,1,0
2022-01-11,782862,Campanha B,116623,35-39,Mulher,64,5912,1,1.559999943,1,1
2022-01-12,950068,Campanha B,123438,30-34,Homem,10,4012,1,1.570000052,1,0
2022-01-13,950078,Campanha B,123440,30-34,Homem,16,12396,2,3.210000038,2,1
2022-01-14,950079,Campanha B,123440,30-34,Homem,16,3142,0,0,2,2
2022-01-15,950099,Campanha B,123443,30-34,Homem,18,1120,0,0,1,0
2022-01-16,950109,Campanha B,123445,30-34,Homem,20,343,0,0,1,1
2022-01-17,950170,Campanha B,123455,30-34,Homem,15,1720,0,0,1,1
2022-01-18,950179,Campanha B,123457,30-34,Homem,16,3423,0,0,1,1
2022-01-19,950182,Campanha B,123457,30-34,Homem,16,3242,0,0,1,0
2022-01-20,950183,Campanha B,123457,30-34,Homem,16,15720,1,1.379999995,1,0
2022-01-21,950200,Campanha B,123460,30-34,Homem,10,1217,0,0,1,1
2022-01-22,950224,Campanha B,123464,40-44,Homem,20,2367,2,2.839999914,1,1
2022-01-23,950326,Campanha B,123481,35-39,Homem,16,6607,1,1.320000052,2,0
2022-01-24,950345,Campanha B,123484,30-34,Homem,64,616,0,0,1,0
2022-01-25,950452,Campanha B,123502,45-49,Homem,16,5537,1,1.519999981,1,0
2022-01-26,950463,Campanha B,123504,45-49,Homem,15,818,0,0,1,0
2022-01-27,950495,Campanha B,123509,45-49,Homem,21,1909,1,0.980000019,1,0
2022-01-28,950521,Campanha B,123514,30-34,Homem,21,351,0,0,1,0
2022-01-29,950531,Campanha B,123515,45-49,Homem,22,572,0,0,1,0
2022-01-30,950537,Campanha B,123516,40-44,Homem,36,1884,1,1.409999967,1,0
2022-01-31,950550,Campanha B,123519,30-34,Homem,30,219,0,0,1,0
2022-02-01,950577,Campanha B,123523,30-34,Homem,32,540,0,0,1,1
2022-02-02,950578,Campanha B,123523,30-34,Homem,32,550,0,0,1,0
2022-02-03,950595,Campanha B,123526,30-34,Homem,26,465,0,0,1,0
2022-02-04,950609,Campanha B,123528,30-34,Homem,29,1761,0,0,1,1
2022-02-05,950629,Campanha B,123532,30-34,Homem,65,152,0,0,1,1
2022-02-06,950631,Campanha B,123532,30-34,Homem,65,152,0,0,1,1
2022-02-07,950649,Campanha B,123535,30-34,Homem,64,429,0,0,1,0
2022-02-08,950745,Campanha B,123551,30-34,Homem,29,1514,0,0,2,2
2022-02-09,950770,Campanha B,123555,30-34,Homem,28,7780,3,4.329999924,2,2
2022-02-10,950772,Campanha B,123556,35-39,Homem,28,460,0,0,1,0
2022-02-11,950773,Campanha B,123556,35-39,Homem,28,471,0,0,1,0
2022-02-12,950776,Campanha B,123556,35-39,Homem,28,2633,1,1.070000052,1,0
2022-02-13,950787,Campanha B,123558,30-34,Homem,27,199,0,0,1,0
2022-02-14,950808,Campanha B,123562,35-39,Homem,32,398,0,0,1,0
2022-02-15,950839,Campanha B,123567,30-34,Homem,24,246,0,0,2,2
2022-02-16,950878,Campanha B,123573,40-44,Homem,10,2967,1,1.5,1,1
2022-02-17,950969,Campanha B,123588,45-49,Homem,36,255,0,0,1,0
2022-02-18,951021,Campanha B,123597,30-34,Mulher,7,457,0,0,1,1
2022-02-19,951033,Campanha B,123599,30-34,Mulher,10,5517,1,1.230000019,1,0
2022-02-20,951035,Campanha B,123599,30-34,Mulher,10,1539,0,0,1,1
2022-02-21,951043,Campanha B,123601,30-34,Mulher,16,3189,0,0,1,0
2022-02-22,951045,Campanha B,123601,30-34,Mulher,16,3348,0,0,1,0
2022-02-23,951046,Campanha B,123601,30-34,Mulher,16,20050,4,4.659999847,4,1
2022-02-24,951102,Campanha B,123611,45-49,Homem,16,2254,0,0,1,0
2022-02-25,951105,Campanha B,123611,45-49,Homem,16,5894,1,1.539999962,1,1
2022-02-26,951133,Campanha B,123616,35-39,Homem,16,9948,2,2.720000029,2,0
2022-02-27,951202,Campanha B,123627,45-49,Mulher,26,5307,3,4.289999962,2,1
2022-02-28,951225,Campanha B,123631,35-39,Mulher,22,4621,2,3.25,1,1
2022-03-01,951270,Campanha B,123639,35-39,Mulher,18,784,0,0,1,1
2022-03-02,951282,Campanha B,123641,35-39,Mulher,16,5775,1,1.580000043,1,1
2022-03-03,951285,Campanha B,123641,35-39,Mulher,16,9297,2,2.619999886,2,1
2022-03-04,951294,Campanha B,123643,35-39,Mulher,15,699,0,0,1,0
2022-03-05,951305,Campanha B,123644,35-39,Mulher,10,1104,0,0,1,0
2022-03-06,951334,Campanha B,123649,30-34,Mulher,64,3717,1,1.539999962,1,0
2022-03-07,951391,Campanha B,123659,30-34,Mulher,28,2879,1,1.590000033,2,2
2022-03-08,951392,Campanha B,123659,30-34,Mulher,28,2749,1,1.389999986,1,0
2022-03-09,951400,Campanha B,123660,45-49,Mulher,10,24028,9,12.39000034,2,0
2022-03-10,951402,Campanha B,123661,30-34,Mulher,29,1118,0,0,1,1
2022-03-11,951413,Campanha B,123662,30-34,Mulher,26,1083,0,0,2,1
2022-03-12,951420,Campanha B,123664,30-34,Mulher,27,843,0,0,1,0
2022-03-13,951444,Campanha B,123668,30-34,Mulher,25,2983,1,0.970000029,1,0
2022-03-14,951448,Campanha B,123668,30-34,Mulher,25,696,0,0,1,0
2022-03-15,951462,Campanha B,123671,45-49,Mulher,16,7589,2,3.150000095,1,1
2022-03-16,951464,Campanha B,123671,45-49,Mulher,16,20997,10,11.94999981,1,0
2022-03-17,951465,Campanha B,123671,45-49,Mulher,16,4617,1,1.360000014,1,0
2022-03-18,951498,Campanha B,123677,45-49,Mulher,20,259,0,0,1,0
2022-03-19,951508,Campanha B,123678,30-34,Mulher,18,1134,0,0,1,0
2022-03-20,951542,Campanha B,123684,40-44,Mulher,27,357,0,0,1,0
2022-03-21,951607,Campanha B,123695,40-44,Mulher,10,848,0,0,1,1
2022-03-22,951608,Campanha B,123695,40-44,Mulher,10,3149,1,1.480000019,1,0
2022-03-23,951641,Campanha B,123700,40-44,Mulher,2,87,0,0,1,1
2022-03-24,951677,Campanha B,123706,35-39,Mulher,27,2563,1,1.480000019,1,0
2022-03-25,951692,Campanha B,123709,35-39,Mulher,10,1107,0,0,1,0
2022-03-26,951715,Campanha B,123713,45-49,Mulher,64,10677,5,7.269999981,1,0
2022-03-27,951756,Campanha B,123720,35-39,Mulher,22,2189,1,0.409999996,1,0
2022-03-28,951779,Campanha B,123723,45-49,Mulher,27,3277,2,2.680000067,1,0
2022-03-29,951782,Campanha B,123724,45-49,Mulher,26,781,0,0,1,0
2022-03-30,951810,Campanha B,123729,35-39,Mulher,16,2226,0,0,1,0
2022-03-31,951812,Campanha B,123729,35-39,Mulher,16,16274,4,6.079999924,2,0
2022-04-01,951837,Campanha B,123733,45-49,Mulher,20,2077,1,1.50999999,1,1
2022-04-02,951853,Campanha B,123736,30-34,Mulher,20,529,0,0,0,0
2022-04-03,951854,Campanha B,123736,30-34,Mulher,20,487,0,0,1,0
2022-04-04,951856,Campanha B,123736,30-34,Mulher,20,4626,2,2.099999905,2,0
2022-04-05,951941,Campanha B,123750,30-34,Mulher,28,2764,1,1.559999943,1,1
2022-04-06,952001,Campanha B,123760,45-49,Mulher,10,5447,2,2.960000038,1,0
2022-04-07,952031,Campanha B,123765,40-44,Mulher,16,28169,8,12.36999989,1,1
2022-04-08,952080,Campanha B,123774,40-44,Mulher,27,415,0,0,1,0
2022-04-09,952100,Campanha B,123777,35-39,Mulher,29,810,0,0,1,1
2021-01-01,1121091,Campanha C,144531,30-34,Homem,10,1194718,141,254.049996,28,14
2021-01-02,1121092,Campanha C,144531,30-34,Homem,10,637648,67,122.4,13,5
2021-01-03,1121094,Campanha C,144531,30-34,Homem,10,24362,0,0,1,1
2021-01-04,1121095,Campanha C,144531,30-34,Homem,10,459690,50,86.33000112,5,2
2021-01-05,1121096,Campanha C,144531,30-34,Homem,10,750060,86,161.9099991,11,2
2021-01-06,1121097,Campanha C,144532,30-34,Homem,15,30068,1,1.820000052,1,0
2021-01-07,1121098,Campanha C,144532,30-34,Homem,15,1267550,123,236.7699986,24,10
2021-01-08,1121100,Campanha C,144532,30-34,Homem,15,3052003,340,639.9499981,60,17
2021-01-09,1121101,Campanha C,144532,30-34,Homem,15,29945,1,1.590000033,2,1
2021-01-10,1121102,Campanha C,144532,30-34,Homem,15,357856,30,52.97000015,7,3
2021-01-11,1121104,Campanha C,144533,30-34,Homem,16,2080666,202,360.1500015,40,21
2021-01-12,1121105,Campanha C,144533,30-34,Homem,16,145999,9,16.5200001,5,2
2021-01-13,1121107,Campanha C,144533,30-34,Homem,16,32616,1,1.539999962,2,0
2021-01-14,1121108,Campanha C,144533,30-34,Homem,16,984521,95,163.8999972,26,14
2021-01-15,1121110,Campanha C,144534,30-34,Homem,18,880814,123,210.3600006,6,2
2021-01-16,1121111,Campanha C,144534,30-34,Homem,18,182452,20,35.73000026,4,1
2021-01-17,1121113,Campanha C,144534,30-34,Homem,18,894911,120,215.8399994,7,4
2021-01-18,1121114,Campanha C,144534,30-34,Homem,18,31349,2,3.800000072,1,0
2021-01-19,1121115,Campanha C,144535,30-34,Homem,19,410310,55,96.80000055,3,0
2021-01-20,1121116,Campanha C,144535,30-34,Homem,19,572450,89,157.329998,7,4
2021-01-21,1121117,Campanha C,144535,30-34,Homem,19,98759,15,26.56999946,1,1
2021-01-22,1121119,Campanha C,144535,30-34,Homem,19,345371,54,93.08999991,7,3
2021-01-23,1121121,Campanha C,144536,30-34,Homem,20,323899,46,78.9200002,5,1
2021-01-24,1121122,Campanha C,144536,30-34,Homem,20,399199,58,103.1500002,3,0
2021-01-25,1121123,Campanha C,144536,30-34,Homem,20,171202,22,36.53000021,3,1
2021-01-26,1121124,Campanha C,144536,30-34,Homem,20,128386,15,28.85000002,2,1
2021-01-27,1121125,Campanha C,144536,30-34,Homem,20,1034284,152,257.7099986,20,9
2021-01-28,1121126,Campanha C,144536,30-34,Homem,20,45923,5,7.220000148,2,0
2021-01-29,1121127,Campanha C,144537,30-34,Homem,21,40873,4,7.899999976,2,1
2021-01-30,1121128,Campanha C,144537,30-34,Homem,21,286553,34,62.06000042,2,1
2021-01-31,1121129,Campanha C,144537,30-34,Homem,21,20618,1,2.099999905,2,1
2021-02-01,1121131,Campanha C,144537,30-34,Homem,21,83591,7,14.14000046,2,2
2021-02-02,1121132,Campanha C,144537,30-34,Homem,21,114923,12,23.73000026,4,2
2021-02-03,1121133,Campanha C,144538,30-34,Homem,22,25002,1,1.710000038,1,0
2021-02-04,1121134,Campanha C,144538,30-34,Homem,22,68905,5,9.440000057,1,0
2021-02-05,1121136,Campanha C,144538,30-34,Homem,22,169588,16,27.79999924,1,0
2021-02-06,1121138,Campanha C,144538,30-34,Homem,22,328991,35,67.65000057,5,2
2021-02-07,1121141,Campanha C,144539,30-34,Homem,23,23198,2,2.980000019,1,0
2021-02-08,1121142,Campanha C,144539,30-34,Homem,23,26890,2,3.24000001,1,0
2021-02-09,1121143,Campanha C,144539,30-34,Homem,23,221695,31,52.26000011,5,2
2021-02-10,1121152,Campanha C,144541,30-34,Homem,24,88443,7,13.0400002,1,1
2021-02-11,1121153,Campanha C,144541,30-34,Homem,24,187856,23,38.38999975,5,1
2021-02-12,1121164,Campanha C,144545,30-34,Homem,25,570699,80,138.7699997,9,2
2021-02-13,1121167,Campanha C,144545,30-34,Homem,25,1063508,145,260.3800013,23,7
2021-02-14,1121168,Campanha C,144545,30-34,Homem,25,50523,6,8.549999952,1,0
2021-02-15,1121172,Campanha C,144547,30-34,Homem,26,87935,9,15.63000023,1,0
2021-02-16,1121173,Campanha C,144547,30-34,Homem,26,278225,33,60.19999957,3,0
2021-02-17,1121175,Campanha C,144547,30-34,Homem,26,209461,20,34.19000006,1,0
2021-02-18,1121177,Campanha C,144547,30-34,Homem,26,26316,2,3.24000001,3,0
2021-02-19,1121181,Campanha C,144549,30-34,Homem,27,41030,3,5.140000105,2,1
2021-02-20,1121182,Campanha C,144549,30-34,Homem,27,876671,120,216.5599982,22,4
2021-02-21,1121183,Campanha C,144549,30-34,Homem,27,399392,53,93.07000041,5,0
2021-02-22,1121184,Campanha C,144549,30-34,Homem,27,283858,30,56.05999923,1,0
2021-02-23,1121185,Campanha C,144549,30-34,Homem,27,260699,31,54.09999871,5,2
2021-02-24,1121193,Campanha C,144552,30-34,Homem,28,57781,5,7.800000072,2,1
2021-02-25,1121195,Campanha C,144552,30-34,Homem,28,38757,3,5.220000029,1,0
2021-02-26,1121196,Campanha C,144552,30-34,Homem,28,1392288,206,358.5500029,31,7
2021-02-27,1121197,Campanha C,144552,30-34,Homem,28,1109387,159,280.9899995,13,2
2021-02-28,1121202,Campanha C,144554,30-34,Homem,29,581281,65,115.1200008,10,5
2021-03-01,1121203,Campanha C,144554,30-34,Homem,29,1048861,128,219.770002,22,8
2021-03-02,1121205,Campanha C,144554,30-34,Homem,29,297452,30,52.01999986,4,1
2021-03-03,1121206,Campanha C,144554,30-34,Homem,29,227925,22,35.30999994,22,12
2021-03-04,1121207,Campanha C,144554,30-34,Homem,29,374175,38,63.32000101,8,3
2021-03-05,1121211,Campanha C,144556,30-34,Homem,30,223586,32,54.24000037,1,0
2021-03-06,1121213,Campanha C,144556,30-34,Homem,30,283170,39,65.22999996,2,1
2021-03-07,1121215,Campanha C,144556,30-34,Homem,30,41636,3,4.210000038,1,0
2021-03-08,1121216,Campanha C,144556,30-34,Homem,30,198658,30,48.60999978,8,1
2021-03-09,1121220,Campanha C,144558,30-34,Homem,31,100596,10,13.91999972,4,2
2021-03-10,1121223,Campanha C,144558,30-34,Homem,31,64020,5,11.0599997,1,0
2021-03-11,1121224,Campanha C,144558,30-34,Homem,31,14289,0,0,1,0
2021-03-12,1121229,Campanha C,144561,30-34,Homem,32,404866,43,87.42000079,4,0
2021-03-13,1121231,Campanha C,144561,30-34,Homem,32,22256,1,1.659999967,1,1
2021-03-14,1121233,Campanha C,144561,30-34,Homem,32,57690,4,6.74000001,1,0
2021-03-15,1121241,Campanha C,144562,30-34,Homem,36,24952,5,8.220000267,3,2
2021-03-16,1121242,Campanha C,144562,30-34,Homem,36,38900,3,5.580000043,1,0
2021-03-17,1121243,Campanha C,144562,30-34,Homem,36,53520,6,9.2299999,1,1
2021-03-18,1121244,Campanha C,144562,30-34,Homem,36,181683,20,34.22999972,2,1
2021-03-19,1121245,Campanha C,144562,30-34,Homem,36,29185,2,3.149999976,1,0
2021-03-20,1121246,Campanha C,144562,30-34,Homem,36,105047,13,20.2099994,3,1
2021-03-21,1121250,Campanha C,144565,30-34,Homem,63,287976,31,59.43999982,3,2
2021-03-22,1121251,Campanha C,144565,30-34,Homem,63,212175,22,38.58999968,2,1
2021-03-23,1121252,Campanha C,144565,30-34,Homem,63,11139,0,0,1,1
2021-03-24,1121254,Campanha C,144565,30-34,Homem,63,124005,11,21.84999979,4,1
2021-03-25,1121255,Campanha C,144565,30-34,Homem,63,20423,1,1.960000038,1,0
2021-03-26,1121261,Campanha C,144567,30-34,Homem,64,103001,14,22.32000005,1,0
2021-03-27,1121262,Campanha C,144567,30-34,Homem,64,447420,66,110.2399991,7,2
2021-03-28,1121263,Campanha C,144567,30-34,Homem,64,156101,19,29.75000048,2,2
2021-03-29,1121264,Campanha C,144567,30-34,Homem,64,93015,12,18.47000015,1,0
2021-03-30,1121265,Campanha C,144568,30-34,Homem,65,145398,23,36.24000025,1,0
2021-03-31,1121269,Campanha C,144568,30-34,Homem,65,296413,50,76.43999958,3,1
2021-04-01,1121273,Campanha C,144569,30-34,Homem,2,9370,0,0,1,1
2021-04-02,1121274,Campanha C,144569,30-34,Homem,2,63785,7,11.80000019,6,2
2021-04-03,1121275,Campanha C,144569,30-34,Homem,2,118522,14,26.81999981,2,1
2021-04-04,1121276,Campanha C,144569,30-34,Homem,2,240123,38,65.67000115,5,4
2021-04-05,1121277,Campanha C,144570,30-34,Homem,7,169108,20,32.24000025,2,1
2021-04-06,1121278,Campanha C,144570,30-34,Homem,7,1044442,142,245.5999999,22,8
2021-04-07,1121279,Campanha C,144570,30-34,Homem,7,93891,11,17.6400001,5,3
2021-04-08,1121282,Campanha C,144570,30-34,Homem,7,185823,25,38.54999936,4,1
2021-04-09,1121284,Campanha C,144571,30-34,Homem,66,175631,23,40.75999951,1,0
2021-04-10,1121285,Campanha C,144571,30-34,Homem,66,37187,4,6.370000005,1,0
2021-04-11,1121286,Campanha C,144571,30-34,Homem,66,10991,0,0,1,0
2021-04-12,1121287,Campanha C,144571,30-34,Homem,66,344618,51,89.76000047,3,1
2021-04-13,1121289,Campanha C,144572,35-39,Homem,10,98066,9,16.1500001,1,0
2021-04-14,1121290,Campanha C,144572,35-39,Homem,10,770749,100,189.1299984,13,3
2021-04-15,1121291,Campanha C,144572,35-39,Homem,10,52553,5,8.529999852,1,0
2021-04-16,1121292,Campanha C,144572,35-39,Homem,10,362296,39,67.77000129,7,3
2021-04-17,1121293,Campanha C,144572,35-39,Homem,10,427729,50,96.8999989,4,1
2021-04-18,1121296,Campanha C,144573,35-39,Homem,15,180351,21,37.13000011,1,1
2021-04-19,1121297,Campanha C,144573,35-39,Homem,15,187329,29,53.15999961,2,1
2021-04-20,1121300,Campanha C,144573,35-39,Homem,15,782894,118,192.9299995,5,2
2021-04-21,1121302,Campanha C,144574,35-39,Homem,16,1206533,128,236.1199988,17,6
2021-04-22,1121303,Campanha C,144574,35-39,Homem,16,84494,7,12.57000017,2,0
2021-04-23,1121304,Campanha C,144574,35-39,Homem,16,94257,7,12.5800004,1,1
2021-04-24,1121309,Campanha C,144575,35-39,Homem,18,131060,16,28.04999959,2,1
2021-04-25,1121310,Campanha C,144575,35-39,Homem,18,341603,50,83.48000121,4,2
2021-04-26,1121311,Campanha C,144575,35-39,Homem,18,140749,19,30.4799999,1,1
2021-04-27,1121312,Campanha C,144575,35-39,Homem,18,102525,13,20.29999983,2,1
2021-04-28,1121316,Campanha C,144576,35-39,Homem,19,447952,68,131.5799983,8,1
2021-04-29,1121317,Campanha C,144576,35-39,Homem,19,76355,9,14.62999988,2,0
2021-04-30,1121319,Campanha C,144577,35-39,Homem,20,256598,38,64.46999931,6,1
2021-05-01,1121321,Campanha C,144577,35-39,Homem,20,127476,21,30.15000057,3,2
2021-05-02,1121322,Campanha C,144577,35-39,Homem,20,237603,37,62.25000024,5,2
2021-05-03,1121327,Campanha C,144578,35-39,Homem,21,271091,42,78.03999984,3,1
2021-05-04,1121330,Campanha C,144578,35-39,Homem,21,21743,2,3.400000095,1,0
2021-05-05,1121333,Campanha C,144579,35-39,Homem,22,88970,10,14.8300004,2,0
2021-05-06,1121334,Campanha C,144579,35-39,Homem,22,108362,13,22.42999983,1,1
2021-05-07,1121335,Campanha C,144579,35-39,Homem,22,188596,27,44.14000034,3,0
2021-05-08,1121336,Campanha C,144579,35-39,Homem,22,275080,43,69.65999997,4,3
2021-05-09,1121337,Campanha C,144580,35-39,Homem,23,64647,10,16.26999998,1,0
2021-05-10,1121338,Campanha C,144580,35-39,Homem,23,31265,4,5.789999902,1,0
2021-05-11,1121340,Campanha C,144580,35-39,Homem,23,140147,24,42.08000016,2,0
2021-05-12,1121341,Campanha C,144580,35-39,Homem,23,223120,40,67.66999984,1,0
2021-05-13,1121342,Campanha C,144580,35-39,Homem,23,104869,18,34.07000089,1,0
2021-05-14,1121344,Campanha C,144581,35-39,Homem,24,165177,23,41.71999967,4,1
2021-05-15,1121345,Campanha C,144581,35-39,Homem,24,84194,11,19.56999981,1,0
2021-05-16,1121347,Campanha C,144581,35-39,Homem,24,220581,31,57.37,1,1
2021-05-17,1121350,Campanha C,144582,35-39,Homem,25,75804,10,17.36999965,2,1
2021-05-18,1121352,Campanha C,144582,35-39,Homem,25,368986,59,100.289999,0,0
2021-05-19,1121353,Campanha C,144582,35-39,Homem,25,28194,3,3.709999919,2,0
2021-05-20,1121355,Campanha C,144583,35-39,Homem,26,99961,14,23.2099998,1,0
2021-05-21,1121359,Campanha C,144583,35-39,Homem,26,7573,0,0,1,0
2021-05-22,1121361,Campanha C,144584,35-39,Homem,27,685781,103,177.8899992,10,1
2021-05-23,1121364,Campanha C,144584,35-39,Homem,27,274222,43,66.7700001,2,1
2021-05-24,1121365,Campanha C,144584,35-39,Homem,27,110503,25,32.67999995,4,0
2021-05-25,1121367,Campanha C,144585,35-39,Homem,28,1447755,233,420.5799983,11,8
2021-05-26,1121368,Campanha C,144585,35-39,Homem,28,358987,52,87.55000067,1,0
2021-05-27,1121369,Campanha C,144585,35-39,Homem,28,826205,125,232.3700008,5,1
2021-05-28,1121370,Campanha C,144585,35-39,Homem,28,550954,84,150.1400012,3,0
2021-05-29,1121372,Campanha C,144585,35-39,Homem,28,378350,55,96.48000073,4,0
2021-05-30,1121373,Campanha C,144586,35-39,Homem,29,492784,56,95.5100013,7,4
2021-05-31,1121374,Campanha C,144586,35-39,Homem,29,327158,43,72.3100003,6,2
2021-06-01,1121375,Campanha C,144586,35-39,Homem,29,9921,0,0,1,0
2021-06-02,1121377,Campanha C,144586,35-39,Homem,29,59390,5,9.209999919,5,3
2021-06-03,1121378,Campanha C,144586,35-39,Homem,29,1040330,147,254.2500038,13,2
2021-06-04,1121379,Campanha C,144587,35-39,Homem,30,49422,6,11.17000031,1,0
2021-06-05,1121380,Campanha C,144587,35-39,Homem,30,131091,18,34.23000026,3,1
2021-06-06,1121381,Campanha C,144587,35-39,Homem,30,95691,15,25.26000011,1,1
2021-06-07,1121390,Campanha C,144588,35-39,Homem,31,15513,1,1.289999962,1,0
2021-06-08,1121391,Campanha C,144589,35-39,Homem,32,382537,63,113.9900012,4,3
2021-06-09,1121394,Campanha C,144589,35-39,Homem,32,461356,64,121.0999982,6,3
2021-06-10,1121395,Campanha C,144589,35-39,Homem,32,392541,53,98.70000017,3,2
2021-06-11,1121398,Campanha C,144590,35-39,Homem,36,35088,5,8.800000072,1,1
2021-06-12,1121400,Campanha C,144590,35-39,Homem,36,53933,6,9.929999948,3,1
2021-06-13,1121403,Campanha C,144591,35-39,Homem,63,228861,33,53.38999939,4,2
2021-06-14,1121405,Campanha C,144591,35-39,Homem,63,20959,2,3.769999981,1,1
2021-06-15,1121410,Campanha C,144592,35-39,Homem,64,24992,2,3.190000057,1,0
2021-06-16,1121411,Campanha C,144592,35-39,Homem,64,100351,15,24.17999995,2,1
2021-06-17,1121412,Campanha C,144592,35-39,Homem,64,292448,43,76.89999968,2,1
2021-06-18,1121413,Campanha C,144592,35-39,Homem,64,65060,7,14.5200001,1,1
2021-06-19,1121414,Campanha C,144592,35-39,Homem,64,133316,21,36.17000055,2,0
2021-06-20,1121415,Campanha C,144593,35-39,Homem,65,113501,26,38.44000077,5,4
2021-06-21,1121418,Campanha C,144593,35-39,Homem,65,192810,41,61.92999995,4,3
2021-06-22,1121421,Campanha C,144594,35-39,Homem,2,233404,43,70.4100008,2,1
2021-06-23,1121422,Campanha C,144594,35-39,Homem,2,128843,24,37.5999999,2,0
2021-06-24,1121423,Campanha C,144594,35-39,Homem,2,63564,12,20.59000027,2,0
2021-06-25,1121425,Campanha C,144594,35-39,Homem,2,85970,14,24.78000021,1,1
2021-06-26,1121428,Campanha C,144595,35-39,Homem,7,131232,16,29.53999937,1,1
2021-06-27,1121429,Campanha C,144595,35-39,Homem,7,152454,22,37.84999979,1,1
2021-06-28,1121430,Campanha C,144595,35-39,Homem,7,28989,2,2.290000021,1,0
2021-06-29,1121433,Campanha C,144596,35-39,Homem,66,80248,15,24.1900003,1,1
2021-06-30,1121437,Campanha C,144596,35-39,Homem,66,38580,5,8.519999981,1,0
2021-07-01,1121439,Campanha C,144597,40-44,Homem,10,621591,91,163.36,5,1
2021-07-02,1121440,Campanha C,144597,40-44,Homem,10,250499,36,58.14000005,3,1
2021-07-03,1121442,Campanha C,144597,40-44,Homem,10,131637,18,29.30999982,2,1
2021-07-04,1121443,Campanha C,144597,40-44,Homem,10,463813,69,116.3399996,4,2
2021-07-05,1121444,Campanha C,144597,40-44,Homem,10,211767,35,60.89999914,5,1
2021-07-06,1121446,Campanha C,144598,40-44,Homem,15,163181,26,40.02000093,1,1
2021-07-07,1121451,Campanha C,144599,40-44,Homem,16,1117385,147,260.0699984,11,2
2021-07-08,1121452,Campanha C,144599,40-44,Homem,16,1663441,205,359.4700001,17,6
2021-07-09,1121453,Campanha C,144599,40-44,Homem,16,455248,54,105.7099996,5,2
2021-07-10,1121454,Campanha C,144599,40-44,Homem,16,75589,6,10.66000009,1,1
2021-07-11,1121455,Campanha C,144599,40-44,Homem,16,594267,82,143.3000009,3,2
2021-07-12,1121456,Campanha C,144599,40-44,Homem,16,315281,35,65.02999854,1,0
2021-07-13,1121464,Campanha C,144601,40-44,Homem,19,363456,71,117.5599997,7,1
2021-07-14,1121466,Campanha C,144601,40-44,Homem,19,438983,81,143.4300001,3,1
2021-07-15,1121467,Campanha C,144601,40-44,Homem,19,42563,5,9.659999847,1,1
2021-07-16,1121469,Campanha C,144602,40-44,Homem,20,399035,75,124.7999995,7,3
2021-07-17,1121471,Campanha C,144602,40-44,Homem,20,304680,59,98.55000019,3,0
2021-07-18,1121472,Campanha C,144602,40-44,Homem,20,140596,23,40.77000022,1,0
2021-07-19,1121473,Campanha C,144602,40-44,Homem,20,439986,80,134.8799999,4,3
2021-07-20,1121474,Campanha C,144602,40-44,Homem,20,75803,11,19.3599999,2,2
2021-07-21,1121477,Campanha C,144603,40-44,Homem,21,7073,0,0,1,0
2021-07-22,1121481,Campanha C,144604,40-44,Homem,22,153586,28,43.01000035,2,0
2021-07-23,1121482,Campanha C,144604,40-44,Homem,22,180815,31,42.62999976,1,0
2021-07-24,1121483,Campanha C,144604,40-44,Homem,22,253169,51,75.78999984,1,0
2021-07-25,1121484,Campanha C,144604,40-44,Homem,22,34453,5,7.710000038,1,1
2021-07-26,1121487,Campanha C,144605,40-44,Homem,23,51550,8,14.03999984,1,0
2021-07-27,1121489,Campanha C,144605,40-44,Homem,23,110018,24,39.85999966,1,0
2021-07-28,1121493,Campanha C,144606,40-44,Homem,24,137584,21,36.77999961,1,0
2021-07-29,1121497,Campanha C,144606,40-44,Homem,24,209825,30,54.86999953,1,0
2021-07-30,1121499,Campanha C,144607,40-44,Homem,25,264222,63,87.7899996,1,1
2021-07-31,1121510,Campanha C,144608,40-44,Homem,26,31202,5,6.730000019,1,0
2021-08-01,1121511,Campanha C,144609,40-44,Homem,27,252991,49,76.83999932,3,0
2021-08-02,1121514,Campanha C,144609,40-44,Homem,27,56265,9,15.53999972,1,0
2021-08-03,1121523,Campanha C,144611,40-44,Homem,29,76923,11,17.67000008,2,2
2021-08-04,1121524,Campanha C,144611,40-44,Homem,29,209332,30,49.60000014,3,1
2021-08-05,1121525,Campanha C,144611,40-44,Homem,29,214094,31,53.26999903,1,0
2021-08-06,1121526,Campanha C,144611,40-44,Homem,29,526209,85,126.9299996,3,2
2021-08-07,1121527,Campanha C,144611,40-44,Homem,29,741143,120,179.620001,4,1
2021-08-08,1121528,Campanha C,144611,40-44,Homem,29,172827,25,38.42000043,2,0
2021-08-09,1121530,Campanha C,144612,40-44,Homem,30,188873,38,58.5999999,1,1
2021-08-10,1121532,Campanha C,144612,40-44,Homem,30,123126,25,39.72999978,2,1
2021-08-11,1121535,Campanha C,144613,40-44,Homem,31,77794,14,19.11000001,1,1
2021-08-12,1121541,Campanha C,144614,40-44,Homem,32,56630,9,15.81000018,1,1
2021-08-13,1121544,Campanha C,144614,40-44,Homem,32,400844,85,140.9700022,4,2
2021-08-14,1121545,Campanha C,144614,40-44,Homem,32,208572,36,60.76000023,2,1
2021-08-15,1121548,Campanha C,144615,40-44,Homem,36,59004,8,13.51000011,1,0
2021-08-16,1121551,Campanha C,144615,40-44,Homem,36,196253,32,55.10000002,1,0
2021-08-17,1121554,Campanha C,144616,40-44,Homem,63,51858,8,12.63000011,1,1
2021-08-18,1121557,Campanha C,144616,40-44,Homem,63,280764,49,81.36000025,2,1
2021-08-19,1121561,Campanha C,144617,40-44,Homem,64,63660,11,16.47000003,1,1
2021-08-20,1121562,Campanha C,144617,40-44,Homem,64,109289,19,31.02999997,1,0
2021-08-21,1121568,Campanha C,144618,40-44,Homem,65,188440,40,60.72999966,2,1
2021-08-22,1121571,Campanha C,144619,40-44,Homem,2,212496,44,74.83000135,2,1
2021-08-23,1121572,Campanha C,144619,40-44,Homem,2,32574,5,7.480000019,1,0
2021-08-24,1121575,Campanha C,144619,40-44,Homem,2,128595,23,36.4800005,1,1
2021-08-25,1121577,Campanha C,144620,40-44,Homem,7,242234,48,68.06000054,2,0
2021-08-26,1121584,Campanha C,144621,40-44,Homem,66,33154,5,7.879999995,1,1
2021-08-27,1121585,Campanha C,144621,40-44,Homem,66,9773,1,1.460000038,1,0
2021-08-28,1121589,Campanha C,144622,45-49,Homem,10,464036,77,123.5500004,3,1
2021-08-29,1121590,Campanha C,144622,45-49,Homem,10,478480,75,135.7500012,3,1
2021-08-30,1121592,Campanha C,144622,45-49,Homem,10,428812,66,116.8800001,4,2
2021-08-31,1121593,Campanha C,144622,45-49,Homem,10,1177535,221,365.6600009,15,3
2021-09-01,1121594,Campanha C,144622,45-49,Homem,10,426500,72,128.2799988,4,1
2021-09-02,1121597,Campanha C,144623,45-49,Homem,15,54237,7,10.77999985,2,1
2021-09-03,1121598,Campanha C,144623,45-49,Homem,15,506916,89,133.6999986,2,2
2021-09-04,1121599,Campanha C,144623,45-49,Homem,15,250960,42,64.87999952,2,0
2021-09-05,1121601,Campanha C,144624,45-49,Homem,16,2286228,353,603.380002,16,7
2021-09-06,1121602,Campanha C,144624,45-49,Homem,16,915451,125,220.559999,6,1
2021-09-07,1121603,Campanha C,144624,45-49,Homem,16,159478,20,33.89999998,3,1
2021-09-08,1121605,Campanha C,144624,45-49,Homem,16,1228924,190,318.9700032,6,3
2021-09-09,1121606,Campanha C,144624,45-49,Homem,16,938283,134,248.6400001,7,2
2021-09-10,1121607,Campanha C,144625,45-49,Homem,18,154572,26,40.93000007,1,1
2021-09-11,1121609,Campanha C,144625,45-49,Homem,18,378171,70,109.2500008,1,0
2021-09-12,1121612,Campanha C,144625,45-49,Homem,18,468749,84,134.1199975,6,1
2021-09-13,1121613,Campanha C,144626,45-49,Homem,19,309823,60,103.3899996,4,4
2021-09-14,1121615,Campanha C,144626,45-49,Homem,19,327227,65,116.5599996,5,0
2021-09-15,1121616,Campanha C,144626,45-49,Homem,19,334945,72,120.2999994,2,1
2021-09-16,1121617,Campanha C,144626,45-49,Homem,19,68859,15,25.45999968,1,0
2021-09-17,1121619,Campanha C,144627,45-49,Homem,20,127125,20,35.67999983,2,0
2021-09-18,1121620,Campanha C,144627,45-49,Homem,20,415798,80,131.7800006,3,1
2021-09-19,1121622,Campanha C,144627,45-49,Homem,20,107671,20,29.91000021,1,1
2021-09-20,1121623,Campanha C,144627,45-49,Homem,20,164356,28,46.7900002,2,1
2021-09-21,1121624,Campanha C,144627,45-49,Homem,20,17662,2,3.189999938,1,0
2021-09-22,1121627,Campanha C,144628,45-49,Homem,21,65339,10,16.67999983,2,0
2021-09-23,1121628,Campanha C,144628,45-49,Homem,21,59838,7,11.11000013,1,0
2021-09-24,1121629,Campanha C,144628,45-49,Homem,21,381577,81,127.5699993,2,0
2021-09-25,1121635,Campanha C,144629,45-49,Homem,22,45491,8,11.00999999,1,0
2021-09-26,1121638,Campanha C,144630,45-49,Homem,23,18946,2,3.599999905,1,0
2021-09-27,1121641,Campanha C,144630,45-49,Homem,23,114370,18,33.65999997,1,0
2021-09-28,1121642,Campanha C,144630,45-49,Homem,23,99698,21,33.3499999,1,0
2021-09-29,1121644,Campanha C,144631,45-49,Homem,24,355165,81,128.6099997,4,3
2021-09-30,1121650,Campanha C,144632,45-49,Homem,25,101431,23,33.93000031,1,1
2021-10-01,1121652,Campanha C,144632,45-49,Homem,25,123151,24,36.4400003,2,1
2021-10-02,1121660,Campanha C,144633,45-49,Homem,26,24078,4,5.769999981,1,0
2021-10-03,1121661,Campanha C,144634,45-49,Homem,27,517801,105,181.7200011,3,0
2021-10-04,1121662,Campanha C,144634,45-49,Homem,27,145104,25,41.42000008,2,1
2021-10-05,1121664,Campanha C,144634,45-49,Homem,27,179950,35,58.67999971,1,0
2021-10-06,1121665,Campanha C,144634,45-49,Homem,27,258531,46,80.33999979,2,0
2021-10-07,1121666,Campanha C,144634,45-49,Homem,27,272500,62,104.4599996,3,0
2021-10-08,1121667,Campanha C,144635,45-49,Homem,28,273197,57,87.7300005,3,0
2021-10-09,1121668,Campanha C,144635,45-49,Homem,28,775904,172,253.990002,4,2
2021-10-10,1121669,Campanha C,144635,45-49,Homem,28,120251,26,39.44000006,1,0
2021-10-11,1121671,Campanha C,144635,45-49,Homem,28,139406,24,39.04999948,1,0
2021-10-12,1121672,Campanha C,144635,45-49,Homem,28,60314,11,16.93999958,2,1
2021-10-13,1121673,Campanha C,144636,45-49,Homem,29,563074,86,142.7099985,4,2
2021-10-14,1121674,Campanha C,144636,45-49,Homem,29,168655,18,27.29999983,2,0
2021-10-15,1121675,Campanha C,144636,45-49,Homem,29,111963,17,29.3799994,2,1
2021-10-16,1121676,Campanha C,144636,45-49,Homem,29,1026304,168,277.5799986,17,8
2021-10-17,1121677,Campanha C,144636,45-49,Homem,29,1391924,258,422.8400038,17,10
2021-10-18,1121678,Campanha C,144636,45-49,Homem,29,147551,22,38.50000083,1,0
2021-10-19,1121685,Campanha C,144638,45-49,Homem,31,66794,9,17.3299998,1,1
2021-10-20,1121687,Campanha C,144638,45-49,Homem,31,118882,19,32.30999994,2,1
2021-10-21,1121689,Campanha C,144638,45-49,Homem,31,148010,24,41.96999943,1,0
2021-10-22,1121691,Campanha C,144639,45-49,Homem,32,932890,197,352.4499989,3,1
2021-10-23,1121692,Campanha C,144639,45-49,Homem,32,718359,147,264.5899997,4,1
2021-10-24,1121693,Campanha C,144639,45-49,Homem,32,433658,82,158.5999998,5,2
2021-10-25,1121695,Campanha C,144639,45-49,Homem,32,29455,3,4.769999981,1,0
2021-10-26,1121701,Campanha C,144640,45-49,Homem,36,23973,3,4.820000052,1,1
2021-10-27,1121705,Campanha C,144641,45-49,Homem,63,126480,25,37.25999999,1,1
2021-10-28,1121706,Campanha C,144641,45-49,Homem,63,138959,28,39.5200007,1,0
2021-10-29,1121708,Campanha C,144641,45-49,Homem,63,68829,12,19.47999978,1,0
2021-10-30,1121711,Campanha C,144642,45-49,Homem,64,49916,10,16.38,1,1
2021-10-31,1121716,Campanha C,144643,45-49,Homem,65,76014,16,22.67000031,1,1
2021-11-01,1121723,Campanha C,144644,45-49,Homem,2,50947,10,15.99000025,1,0
2021-11-02,1121733,Campanha C,144646,45-49,Homem,66,55536,11,17.04999995,1,0
2021-11-03,1121741,Campanha C,144647,30-34,Mulher,10,318042,46,64.40999997,8,4
2021-11-04,1121742,Campanha C,144647,30-34,Mulher,10,213016,30,44.21999955,8,2
2021-11-05,1121745,Campanha C,144648,30-34,Mulher,15,182265,27,38.18000007,2,1
2021-11-06,1121746,Campanha C,144648,30-34,Mulher,15,1117371,177,268.050002,26,5
2021-11-07,1121749,Campanha C,144648,30-34,Mulher,15,333345,52,77.59000027,5,1
2021-11-08,1121751,Campanha C,144649,30-34,Mulher,16,275930,30,46.77999997,5,2
2021-11-09,1121753,Campanha C,144649,30-34,Mulher,16,740631,101,153.1199975,9,1
2021-11-10,1121754,Campanha C,144649,30-34,Mulher,16,328272,35,55.99000025,2,1
2021-11-11,1121755,Campanha C,144649,30-34,Mulher,16,178455,20,31.5400002,6,3
2021-11-12,1121756,Campanha C,144649,30-34,Mulher,16,705712,98,147.339999,6,1
2021-11-13,1121758,Campanha C,144650,30-34,Mulher,18,690373,91,159.5700021,5,2
2021-11-14,1121759,Campanha C,144650,30-34,Mulher,18,515812,69,117.6299995,3,1
2021-11-15,1121760,Campanha C,144650,30-34,Mulher,18,764793,101,171.9799976,4,2
2021-11-16,1121763,Campanha C,144651,30-34,Mulher,19,87832,11,18.10000038,1,1
2021-11-17,1121764,Campanha C,144651,30-34,Mulher,19,23368,3,4.300000191,1,0
2021-11-18,1121765,Campanha C,144651,30-34,Mulher,19,51509,7,11.57000005,1,0
2021-11-19,1121767,Campanha C,144651,30-34,Mulher,19,87043,16,24.48000002,2,0
2021-11-20,1121768,Campanha C,144651,30-34,Mulher,19,565565,113,169.6699982,7,4
2021-11-21,1121769,Campanha C,144652,30-34,Mulher,20,253758,43,62.14000034,4,1
2021-11-22,1121773,Campanha C,144652,30-34,Mulher,20,319131,51,76.68000025,6,1
2021-11-23,1121774,Campanha C,144652,30-34,Mulher,20,670608,130,195.1499978,11,3
2021-11-24,1121775,Campanha C,144653,30-34,Mulher,21,159123,25,38.36000013,5,3
2021-11-25,1121776,Campanha C,144653,30-34,Mulher,21,103709,15,24.56999969,3,1
2021-11-26,1121779,Campanha C,144653,30-34,Mulher,21,271589,45,74.41000032,9,3
2021-11-27,1121780,Campanha C,144653,30-34,Mulher,21,119772,20,33.46999907,5,2
2021-11-28,1121782,Campanha C,144654,30-34,Mulher,22,26340,3,4.220000029,1,1
2021-11-29,1121783,Campanha C,144654,30-34,Mulher,22,594968,111,147.6700006,4,0
2021-11-30,1121791,Campanha C,144655,30-34,Mulher,23,6838,0,0,1,0
2021-12-01,1121793,Campanha C,144656,30-34,Mulher,24,185665,39,62.14000058,1,0
2021-12-02,1121795,Campanha C,144656,30-34,Mulher,24,24959,3,4.560000062,1,1
2021-12-03,1121796,Campanha C,144656,30-34,Mulher,24,136967,23,35.05999982,3,1
2021-12-04,1121798,Campanha C,144656,30-34,Mulher,24,107548,19,29.31000018,1,0
2021-12-05,1121803,Campanha C,144657,30-34,Mulher,25,588617,119,169.9199973,2,0
2021-12-06,1121806,Campanha C,144658,30-34,Mulher,26,190560,26,41.63,3,1
2021-12-07,1121807,Campanha C,144658,30-34,Mulher,26,373110,49,75.70000076,4,2
2021-12-08,1121812,Campanha C,144659,30-34,Mulher,27,935646,170,256.4699982,19,6
2021-12-09,1121814,Campanha C,144659,30-34,Mulher,27,2223278,421,612.3000032,38,13
2021-12-10,1121815,Campanha C,144659,30-34,Mulher,27,240497,36,51.84000087,1,0
2021-12-11,1121816,Campanha C,144659,30-34,Mulher,27,259984,37,54.7900002,5,0
2021-12-12,1121817,Campanha C,144660,30-34,Mulher,28,606786,127,179.050001,11,3
2021-12-13,1121818,Campanha C,144660,30-34,Mulher,28,83270,13,17.74000001,1,0
2021-12-14,1121819,Campanha C,144660,30-34,Mulher,28,1189509,268,375.7199963,7,3
2021-12-15,1121820,Campanha C,144660,30-34,Mulher,28,11471,1,1.570000052,0,0
2021-12-16,1121824,Campanha C,144661,30-34,Mulher,29,1705246,295,429.4799981,23,10
2021-12-17,1121826,Campanha C,144661,30-34,Mulher,29,418016,63,95.8500005,3,1
2021-12-18,1121827,Campanha C,144661,30-34,Mulher,29,30155,3,3.819999933,1,0
2021-12-19,1121828,Campanha C,144661,30-34,Mulher,29,990404,153,226.5399992,12,6
2021-12-20,1121829,Campanha C,144662,30-34,Mulher,30,187468,34,50.72000062,2,1
2021-12-21,1121832,Campanha C,144662,30-34,Mulher,30,208301,33,54.57000089,1,0
2021-12-22,1121833,Campanha C,144662,30-34,Mulher,30,101856,16,25.22000039,4,1
2021-12-23,1121835,Campanha C,144663,30-34,Mulher,31,48935,7,9.970000267,1,1
2021-12-24,1121839,Campanha C,144663,30-34,Mulher,31,13911,1,1.730000019,1,1
2021-12-25,1121841,Campanha C,144664,30-34,Mulher,32,511726,77,123.0900019,8,4
2021-12-26,1121843,Campanha C,144664,30-34,Mulher,32,177452,24,37.83000016,2,0
2021-12-27,1121844,Campanha C,144664,30-34,Mulher,32,149808,20,33.03999937,1,1
2021-12-28,1121845,Campanha C,144664,30-34,Mulher,32,390339,60,105.0199997,9,6
2021-12-29,1121846,Campanha C,144664,30-34,Mulher,32,8350,0,0,1,0
2021-12-30,1121847,Campanha C,144665,30-34,Mulher,36,39339,4,5.929999948,1,0
2021-12-31,1121854,Campanha C,144666,30-34,Mulher,63,8587,0,0,1,0
2022-01-01,1121855,Campanha C,144666,30-34,Mulher,63,24893,2,3.75,1,0
2022-01-02,1121856,Campanha C,144666,30-34,Mulher,63,1296189,212,343.2599944,14,4
2022-01-03,1121857,Campanha C,144666,30-34,Mulher,63,91607,12,19.1899997,2,1
2022-01-04,1121859,Campanha C,144667,30-34,Mulher,64,238036,38,61.02999771,6,3
2022-01-05,1121860,Campanha C,144667,30-34,Mulher,64,254344,35,56.16999996,2,1
2022-01-06,1121861,Campanha C,144667,30-34,Mulher,64,157705,23,39.23000026,2,0
2022-01-07,1121862,Campanha C,144667,30-34,Mulher,64,411571,60,99.1799984,6,1
2022-01-08,1121863,Campanha C,144667,30-34,Mulher,64,94136,11,16.17999971,1,0
2022-01-09,1121867,Campanha C,144668,30-34,Mulher,65,82640,16,23.97000039,1,1
2022-01-10,1121869,Campanha C,144668,30-34,Mulher,65,17870,2,2.620000005,1,1
2022-01-11,1121871,Campanha C,144669,30-34,Mulher,2,19178,2,2.779999971,1,1
2022-01-12,1121873,Campanha C,144669,30-34,Mulher,2,5264,0,0,1,0
2022-01-13,1121874,Campanha C,144669,30-34,Mulher,2,145548,28,42.37000036,2,1
2022-01-14,1121876,Campanha C,144669,30-34,Mulher,2,82455,15,22.04999971,1,0
2022-01-15,1121877,Campanha C,144670,30-34,Mulher,7,44189,7,10.31999981,2,0
2022-01-16,1121878,Campanha C,144670,30-34,Mulher,7,45199,7,9.809999943,1,0
2022-01-17,1121881,Campanha C,144670,30-34,Mulher,7,221843,43,63.45000076,5,0
2022-01-18,1121888,Campanha C,144671,30-34,Mulher,66,41672,6,10.54999995,2,1
2022-01-19,1121889,Campanha C,144672,35-39,Mulher,10,127546,25,38.94000041,2,0
2022-01-20,1121890,Campanha C,144672,35-39,Mulher,10,127865,28,38.02999961,3,1
2022-01-21,1121891,Campanha C,144672,35-39,Mulher,10,1025327,229,314.2999983,16,2
2022-01-22,1121894,Campanha C,144672,35-39,Mulher,10,561415,124,173.76,3,0
2022-01-23,1121895,Campanha C,144673,35-39,Mulher,15,132803,25,37.32000124,2,1
2022-01-24,1121897,Campanha C,144673,35-39,Mulher,15,24664,2,2.629999995,1,1
2022-01-25,1121901,Campanha C,144674,35-39,Mulher,16,1020561,172,263.8100007,7,3
2022-01-26,1121902,Campanha C,144674,35-39,Mulher,16,682143,114,177.1099993,6,2
2022-01-27,1121903,Campanha C,144674,35-39,Mulher,16,1247717,222,343.4199994,11,4
2022-01-28,1121904,Campanha C,144674,35-39,Mulher,16,146406,23,33.22999942,1,1
2022-01-29,1121905,Campanha C,144674,35-39,Mulher,16,905699,161,234.6599982,4,1
2022-01-30,1121906,Campanha C,144674,35-39,Mulher,16,1184580,194,297.8299981,14,3
2022-01-31,1121907,Campanha C,144675,35-39,Mulher,18,98057,20,31.00999963,1,1
2022-02-01,1121917,Campanha C,144676,35-39,Mulher,19,238735,56,84.65999889,4,1
2022-02-02,1121918,Campanha C,144676,35-39,Mulher,19,320657,77,115.8800026,2,0
2022-02-03,1121925,Campanha C,144678,35-39,Mulher,21,244074,57,84.51000023,4,2
2022-02-04,1121928,Campanha C,144678,35-39,Mulher,21,39146,8,13.05999959,1,0
2022-02-05,1121931,Campanha C,144679,35-39,Mulher,22,78468,15,23.64999962,1,0
2022-02-06,1121933,Campanha C,144679,35-39,Mulher,22,325653,63,89.35000026,2,0
2022-02-07,1121935,Campanha C,144679,35-39,Mulher,22,66277,12,17.30000019,1,0
2022-02-08,1121936,Campanha C,144679,35-39,Mulher,22,93002,16,23.33999968,1,0
2022-02-09,1121944,Campanha C,144681,35-39,Mulher,24,109723,27,40.9600004,1,0
2022-02-10,1121948,Campanha C,144681,35-39,Mulher,24,118941,35,50.11000001,4,1
2022-02-11,1121949,Campanha C,144682,35-39,Mulher,25,221576,47,66.79000068,6,1
2022-02-12,1121953,Campanha C,144682,35-39,Mulher,25,8341,1,1.639999986,1,0
2022-02-13,1121954,Campanha C,144682,35-39,Mulher,25,120335,26,36.2299993,2,0
2022-02-14,1121955,Campanha C,144683,35-39,Mulher,26,182098,40,62.86999989,1,1
2022-02-15,1121956,Campanha C,144683,35-39,Mulher,26,227473,52,71.58000052,1,1
2022-02-16,1121962,Campanha C,144684,35-39,Mulher,27,1050947,230,350.5099957,6,1
2022-02-17,1121963,Campanha C,144684,35-39,Mulher,27,720859,162,213.6899986,13,5
2022-02-18,1121971,Campanha C,144685,35-39,Mulher,28,41111,8,10.96000016,1,0
2022-02-19,1121973,Campanha C,144686,35-39,Mulher,29,148616,25,37.39999962,6,4
2022-02-20,1121976,Campanha C,144686,35-39,Mulher,29,707260,135,210.8200028,13,6
2022-02-21,1121977,Campanha C,144686,35-39,Mulher,29,139596,26,42.41000032,1,1
2022-02-22,1121983,Campanha C,144687,35-39,Mulher,30,105399,22,33.19999933,2,0
2022-02-23,1121994,Campanha C,144689,35-39,Mulher,32,222378,50,72.91000104,1,0
2022-02-24,1122003,Campanha C,144691,35-39,Mulher,63,975792,210,293.8800011,10,4
2022-02-25,1122004,Campanha C,144691,35-39,Mulher,63,579150,125,167.0499997,5,1
2022-02-26,1122005,Campanha C,144691,35-39,Mulher,63,449588,81,123.800001,5,2
2022-02-27,1122006,Campanha C,144691,35-39,Mulher,63,318157,56,85.70000196,3,0
2022-02-28,1122007,Campanha C,144691,35-39,Mulher,63,196967,43,65.17999971,2,1
2022-03-01,1122011,Campanha C,144692,35-39,Mulher,64,158298,37,46.43000007,4,1
2022-03-02,1122012,Campanha C,144692,35-39,Mulher,64,222739,55,68.55999959,5,2
2022-03-03,1122022,Campanha C,144694,35-39,Mulher,2,20780,5,8.189999938,1,0
2022-03-04,1122027,Campanha C,144695,35-39,Mulher,7,128616,33,48.54999948,2,0
2022-03-05,1122039,Campanha C,144697,40-44,Mulher,10,258954,61,82.27999902,1,0
2022-03-06,1122040,Campanha C,144697,40-44,Mulher,10,205289,48,71.53000104,3,0
2022-03-07,1122041,Campanha C,144697,40-44,Mulher,10,611601,138,191.419996,8,3
2022-03-08,1122043,Campanha C,144697,40-44,Mulher,10,947657,233,321.8700004,8,4
2022-03-09,1122044,Campanha C,144697,40-44,Mulher,10,233043,49,65.03000033,2,0
2022-03-10,1122047,Campanha C,144698,40-44,Mulher,15,582725,142,194.8099988,9,2
2022-03-11,1122052,Campanha C,144699,40-44,Mulher,16,265038,51,78.45999932,2,1
2022-03-12,1122054,Campanha C,144699,40-44,Mulher,16,222273,39,53.62999868,6,1
2022-03-13,1122055,Campanha C,144699,40-44,Mulher,16,797234,170,243.7699978,4,1
2022-03-14,1122056,Campanha C,144699,40-44,Mulher,16,925555,182,262.8899981,4,2
2022-03-15,1122058,Campanha C,144700,40-44,Mulher,18,22210,3,4.050000191,1,1
2022-03-16,1122075,Campanha C,144703,40-44,Mulher,21,46391,11,16.40999985,3,1
2022-03-17,1122078,Campanha C,144703,40-44,Mulher,21,190477,42,66.38999987,1,0
2022-03-18,1122079,Campanha C,144703,40-44,Mulher,21,25382,7,9.609999895,1,0
2022-03-19,1122085,Campanha C,144704,40-44,Mulher,22,65726,17,22.12000012,2,0
2022-03-20,1122089,Campanha C,144705,40-44,Mulher,23,195220,51,78.06000042,1,0
2022-03-21,1122092,Campanha C,144705,40-44,Mulher,23,107501,27,40.87999928,2,2
2022-03-22,1122101,Campanha C,144707,40-44,Mulher,25,197772,63,88.21000016,7,2
2022-03-23,1122102,Campanha C,144707,40-44,Mulher,25,138154,35,48.93999863,1,0
2022-03-24,1122103,Campanha C,144707,40-44,Mulher,25,270124,69,95.84999895,2,0
2022-03-25,1122105,Campanha C,144708,40-44,Mulher,26,303971,77,106.9299998,11,6
2022-03-26,1122107,Campanha C,144708,40-44,Mulher,26,682046,183,254.419997,4,2
2022-03-27,1122109,Campanha C,144708,40-44,Mulher,26,328365,83,117.3400005,2,1
2022-03-28,1122112,Campanha C,144709,40-44,Mulher,27,1083259,276,390.2599992,11,0
2022-03-29,1122113,Campanha C,144709,40-44,Mulher,27,913929,245,340.4099993,7,2
2022-03-30,1122118,Campanha C,144710,40-44,Mulher,28,101586,24,33.47000039,2,1
2022-03-31,1122120,Campanha C,144710,40-44,Mulher,28,181053,46,66.27999985,3,1
2022-04-01,1122121,Campanha C,144710,40-44,Mulher,28,133419,35,48.18000007,2,1
2022-04-02,1122125,Campanha C,144711,40-44,Mulher,29,489573,113,156.1199993,3,2
2022-04-03,1122127,Campanha C,144711,40-44,Mulher,29,822023,194,288.3300035,6,0
2022-04-04,1122131,Campanha C,144712,40-44,Mulher,30,93176,29,40.37000024,1,1
2022-04-05,1122138,Campanha C,144713,40-44,Mulher,31,47229,13,19.27999985,1,0
2022-04-06,1122139,Campanha C,144713,40-44,Mulher,31,92263,24,34.03000015,1,0
2022-04-07,1122140,Campanha C,144713,40-44,Mulher,31,81551,21,29.67000008,1,0
2022-04-08,1122145,Campanha C,144714,40-44,Mulher,32,141037,32,47.78999913,3,0
2022-04-09,1122146,Campanha C,144714,40-44,Mulher,32,319501,79,111.6500003,0,0
2022-04-10,1122149,Campanha C,144715,40-44,Mulher,36,72741,19,24.33000016,2,0
2022-04-11,1122154,Campanha C,144716,40-44,Mulher,63,597419,135,188.5100002,2,1
2022-04-12,1122157,Campanha C,144716,40-44,Mulher,63,98768,21,33.14000034,1,1
2022-04-13,1122160,Campanha C,144717,40-44,Mulher,64,173165,41,59.85000026,1,0
2022-04-14,1122165,Campanha C,144718,40-44,Mulher,65,55823,13,21.10999966,1,1
2022-04-15,1122166,Campanha C,144718,40-44,Mulher,65,118451,28,38.35000062,4,1
2022-04-16,1122176,Campanha C,144719,40-44,Mulher,2,74424,22,30.84000027,1,1
2022-04-17,1122177,Campanha C,144720,40-44,Mulher,7,47929,12,14.58999991,1,1
2022-04-18,1122182,Campanha C,144720,40-44,Mulher,7,40801,12,15.91999972,0,0
2022-04-19,1122183,Campanha C,144721,40-44,Mulher,66,66017,17,24.22000015,1,0
2022-04-20,1122189,Campanha C,144722,45-49,Mulher,10,725043,179,238.4000007,5,3
2022-04-21,1122191,Campanha C,144722,45-49,Mulher,10,382776,97,132.7300007,5,1
2022-04-22,1122192,Campanha C,144722,45-49,Mulher,10,548250,137,201.6000042,5,1
2022-04-23,1122193,Campanha C,144722,45-49,Mulher,10,1358324,346,465.0799981,8,2
2022-04-24,1122197,Campanha C,144723,45-49,Mulher,15,662249,163,234.9399992,2,0
2022-04-25,1122200,Campanha C,144723,45-49,Mulher,15,559554,139,195.0799994,2,0
2022-04-26,1122201,Campanha C,144724,45-49,Mulher,16,320757,68,104.6899989,2,0
2022-04-27,1122202,Campanha C,144724,45-49,Mulher,16,906151,202,295.5499957,1,0
2022-04-28,1122203,Campanha C,144724,45-49,Mulher,16,699314,164,226.0300014,3,0
2022-04-29,1122204,Campanha C,144724,45-49,Mulher,16,850337,198,287.690003,3,1
2022-04-30,1122205,Campanha C,144724,45-49,Mulher,16,1015460,247,315.9000051,9,2
2022-05-01,1122209,Campanha C,144725,45-49,Mulher,18,890295,227,332.9899989,1,0
2022-05-02,1122210,Campanha C,144725,45-49,Mulher,18,791817,194,282.490001,4,2
2022-05-03,1122211,Campanha C,144725,45-49,Mulher,18,317601,76,115.6600008,1,0
2022-05-04,1122212,Campanha C,144725,45-49,Mulher,18,685211,164,247.3200026,4,3
2022-05-05,1122213,Campanha C,144726,45-49,Mulher,19,32781,7,11.20000017,2,2
2022-05-06,1122216,Campanha C,144726,45-49,Mulher,19,76785,19,25.45999998,3,0
2022-05-07,1122217,Campanha C,144726,45-49,Mulher,19,719083,206,299.5299983,12,5
2022-05-08,1122223,Campanha C,144727,45-49,Mulher,20,368480,107,140.4200011,5,4
2022-05-09,1122224,Campanha C,144727,45-49,Mulher,20,260945,73,100.8800011,2,2
2022-05-10,1122225,Campanha C,144728,45-49,Mulher,21,40998,10,13.35000038,1,0
2022-05-11,1122227,Campanha C,144728,45-49,Mulher,21,183293,53,73.74999964,2,1
2022-05-12,1122232,Campanha C,144729,45-49,Mulher,22,221561,55,76.75999916,1,0
2022-05-13,1122233,Campanha C,144729,45-49,Mulher,22,436943,109,145.8199974,1,1
2022-05-14,1122240,Campanha C,144730,45-49,Mulher,23,284488,90,125.2700011,1,1
2022-05-15,1122244,Campanha C,144731,45-49,Mulher,24,85083,32,38.62999976,1,1
2022-05-16,1122246,Campanha C,144731,45-49,Mulher,24,14167,5,7.139999986,1,0
2022-05-17,1122249,Campanha C,144732,45-49,Mulher,25,300637,84,116.9899981,2,0
2022-05-18,1122253,Campanha C,144732,45-49,Mulher,25,449921,129,175.9700005,5,1
2022-05-19,1122254,Campanha C,144732,45-49,Mulher,25,282899,71,105.6600007,1,0
2022-05-20,1122257,Campanha C,144733,45-49,Mulher,26,669671,186,259.1799988,4,1
2022-05-21,1122258,Campanha C,144733,45-49,Mulher,26,108655,28,46.92000186,1,0
2022-05-22,1122260,Campanha C,144733,45-49,Mulher,26,536248,146,187.7399978,3,0
2022-05-23,1122262,Campanha C,144734,45-49,Mulher,27,1055017,265,380.6599952,16,2
2022-05-24,1122265,Campanha C,144734,45-49,Mulher,27,1428421,367,541.7000023,10,0
2022-05-25,1122266,Campanha C,144734,45-49,Mulher,27,1088027,272,409.5600026,9,4
2022-05-26,1122267,Campanha C,144735,45-49,Mulher,28,288517,78,102.3900002,3,0
2022-05-27,1122268,Campanha C,144735,45-49,Mulher,28,202231,53,67.13000107,3,1
2022-05-28,1122270,Campanha C,144735,45-49,Mulher,28,73222,16,22.86000025,1,0
2022-05-29,1122271,Campanha C,144735,45-49,Mulher,28,348542,96,134.889999,2,0
2022-05-30,1122273,Campanha C,144736,45-49,Mulher,29,1097966,266,369.069997,16,8
2022-05-31,1122274,Campanha C,144736,45-49,Mulher,29,526923,138,198.0899972,2,1
2022-06-01,1122276,Campanha C,144736,45-49,Mulher,29,264386,66,91.00000054,4,1
2022-06-02,1122277,Campanha C,144736,45-49,Mulher,29,854940,227,297.9100007,8,3
2022-06-03,1122279,Campanha C,144737,45-49,Mulher,30,113567,34,50.29000044,3,0
2022-06-04,1122282,Campanha C,144737,45-49,Mulher,30,22859,6,9.419999838,1,0
2022-06-05,1122288,Campanha C,144738,45-49,Mulher,31,51754,13,20.51999998,1,0
2022-06-06,1122290,Campanha C,144738,45-49,Mulher,31,104347,28,38.13999993,4,3
2022-06-07,1122303,Campanha C,144741,45-49,Mulher,63,391998,97,142.0500025,3,1
2022-06-08,1122304,Campanha C,144741,45-49,Mulher,63,1111156,282,402.3000026,5,0
2022-06-09,1122308,Campanha C,144741,45-49,Mulher,63,427772,117,159.299999,3,1
2022-06-10,1122310,Campanha C,144742,45-49,Mulher,64,536457,136,193.6599991,2,1
2022-06-11,1122311,Campanha C,144742,45-49,Mulher,64,179894,43,66.83999872,2,0
2022-06-12,1122312,Campanha C,144742,45-49,Mulher,64,479882,131,178.6700007,6,0
2022-06-13,1122313,Campanha C,144742,45-49,Mulher,64,358261,91,130.3600011,1,0
2022-06-14,1122316,Campanha C,144743,45-49,Mulher,65,346688,88,114.8599998,2,0
2022-06-15,1314296,Campanha C,179863,30-34,Homem,100,33445,2,3.199999928,1,0
2022-06-16,1314297,Campanha C,179864,30-34,Homem,101,72228,5,7.529999852,4,4
2022-06-17,1314298,Campanha C,179865,30-34,Homem,102,49699,2,2.690000057,2,1
2022-06-18,1314299,Campanha C,179866,30-34,Homem,103,189761,18,27.32999969,4,1
2022-06-19,1314301,Campanha C,179868,30-34,Homem,105,312524,37,53.78999972,2,0
2022-06-20,1314303,Campanha C,179870,30-34,Homem,107,496760,42,61.00999904,10,3
2022-06-21,1314306,Campanha C,179873,30-34,Homem,110,310988,34,46.66999936,11,3
2022-06-22,1314307,Campanha C,179874,30-34,Homem,111,98606,9,12.10999984,1,0
2022-06-23,1314308,Campanha C,179875,30-34,Homem,112,51104,2,3.199999928,3,1
2022-06-24,1314309,Campanha C,179876,30-34,Homem,113,276762,22,32.09000015,5,1
2022-06-25,1314312,Campanha C,179879,35-39,Homem,101,33534,2,2.960000038,1,1
2022-06-26,1314313,Campanha C,179880,35-39,Homem,102,128859,16,23.69999957,1,0
2022-06-27,1314314,Campanha C,179881,35-39,Homem,103,92080,12,16.94000018,3,2
2022-06-28,1314316,Campanha C,179883,35-39,Homem,105,211882,33,46.64999926,3,1
2022-06-29,1314318,Campanha C,179885,35-39,Homem,107,112776,9,12.67999995,1,0
2022-06-30,1314319,Campanha C,179886,35-39,Homem,108,145324,14,19.82000005,2,1
2022-07-01,1314320,Campanha C,179887,35-39,Homem,109,106492,14,21.26000023,2,0
2022-07-02,1314321,Campanha C,179888,35-39,Homem,110,233845,30,40.73000062,3,0
2022-07-03,1314323,Campanha C,179890,35-39,Homem,112,155426,17,25.01000023,3,0
2022-07-04,1314324,Campanha C,179891,35-39,Homem,113,97540,8,11.5199995,2,1
2022-07-05,1314325,Campanha C,179892,35-39,Homem,114,61441,5,7.700000048,1,0
2022-07-06,1314326,Campanha C,179893,40-44,Homem,100,76703,9,12.14999962,3,1
2022-07-07,1314327,Campanha C,179894,40-44,Homem,101,68619,10,14.96000034,1,0
2022-07-08,1314330,Campanha C,179897,40-44,Homem,104,17559,1,1.49000001,1,1
2022-07-09,1314331,Campanha C,179898,40-44,Homem,105,137879,19,28.47000003,2,0
2022-07-10,1314332,Campanha C,179899,40-44,Homem,106,67710,10,15.14999998,1,0
2022-07-11,1314333,Campanha C,179900,40-44,Homem,107,348180,41,60.22999907,3,1
2022-07-12,1314334,Campanha C,179901,40-44,Homem,108,146246,18,28.71999955,3,1
2022-07-13,1314336,Campanha C,179903,40-44,Homem,110,187236,24,34.86999965,2,2
2022-07-14,1314337,Campanha C,179904,40-44,Homem,111,72157,9,13.50000036,1,1
2022-07-15,1314338,Campanha C,179905,40-44,Homem,112,91180,10,13.55999994,1,0
2022-07-16,1314339,Campanha C,179906,40-44,Homem,113,86293,6,9.259999871,1,1
2022-07-17,1314341,Campanha C,179908,45-49,Homem,100,101410,12,17.94000006,4,0
2022-07-18,1314343,Campanha C,179910,45-49,Homem,102,134245,18,25.75000024,2,1
2022-07-19,1314345,Campanha C,179912,45-49,Homem,104,125650,20,30.08000076,4,0
2022-07-20,1314346,Campanha C,179913,45-49,Homem,105,50406,5,7.26000011,1,1
2022-07-21,1314348,Campanha C,179915,45-49,Homem,107,121769,13,18.41999996,2,1
2022-07-22,1314349,Campanha C,179916,45-49,Homem,108,267106,34,50.5,4,1
2022-07-23,1314350,Campanha C,179917,45-49,Homem,109,365539,57,82.13999915,5,2
2022-07-24,1314351,Campanha C,179918,45-49,Homem,110,188758,25,36.60000038,2,1
2022-07-25,1314353,Campanha C,179920,45-49,Homem,112,108426,13,19.58000016,1,0
2022-07-26,1314354,Campanha C,179921,45-49,Homem,113,138525,9,13.65000045,3,0
2022-07-27,1314355,Campanha C,179922,45-49,Homem,114,150858,21,30.26000011,1,0
2022-07-28,1314357,Campanha C,179924,30-34,Mulher,101,524306,81,113.6800029,10,4
2022-07-29,1314358,Campanha C,179925,30-34,Mulher,102,104496,9,11.42999983,3,2
2022-07-30,1314359,Campanha C,179926,30-34,Mulher,103,452519,68,99.52000237,7,2
2022-07-31,1314360,Campanha C,179927,30-34,Mulher,104,442919,76,110.7800021,21,2
2022-08-01,1314361,Campanha C,179928,30-34,Mulher,105,596831,86,120.8799992,11,0
2022-08-02,1314362,Campanha C,179929,30-34,Mulher,106,173912,26,35.54000032,2,1
2022-08-03,1314363,Campanha C,179930,30-34,Mulher,107,780967,86,119.6400018,20,4
2022-08-04,1314364,Campanha C,179931,30-34,Mulher,108,132124,8,11.18999994,4,0
2022-08-05,1314365,Campanha C,179932,30-34,Mulher,109,623137,100,138.9200006,12,1
2022-08-06,1314366,Campanha C,179933,30-34,Mulher,110,99020,10,14.48000044,4,1
2022-08-07,1314367,Campanha C,179934,30-34,Mulher,111,665817,117,163.8000002,23,9
2022-08-08,1314368,Campanha C,179935,30-34,Mulher,112,699232,80,111.9899995,12,3
2022-08-09,1314371,Campanha C,179938,35-39,Mulher,100,72982,11,15.04999995,1,0
2022-08-10,1314372,Campanha C,179939,35-39,Mulher,101,975884,167,237.3199975,14,3
2022-08-11,1314373,Campanha C,179940,35-39,Mulher,102,245607,33,47.87999952,3,1
2022-08-12,1314377,Campanha C,179944,35-39,Mulher,106,485369,114,164.6400015,3,0
2022-08-13,1314378,Campanha C,179945,35-39,Mulher,107,866355,139,200.8299961,11,5
2022-08-14,1314379,Campanha C,179946,35-39,Mulher,108,502710,72,105.2199969,8,2
2022-08-15,1314380,Campanha C,179947,35-39,Mulher,109,475184,88,127.3200028,4,1
2022-08-16,1314381,Campanha C,179948,35-39,Mulher,110,357401,47,68.67000008,8,1
2022-08-17,1314382,Campanha C,179949,35-39,Mulher,111,99810,14,20.05000019,2,0
2022-08-18,1314383,Campanha C,179950,35-39,Mulher,112,81569,6,9.409999967,3,1
2022-08-19,1314384,Campanha C,179951,35-39,Mulher,113,441192,53,77.59999979,6,2
2022-08-20,1314385,Campanha C,179952,35-39,Mulher,114,90470,11,16.73000002,1,1
2022-08-21,1314386,Campanha C,179953,40-44,Mulher,100,834243,166,246.7499975,18,7
2022-08-22,1314387,Campanha C,179954,40-44,Mulher,101,696612,152,223.1899948,31,9
2022-08-23,1314388,Campanha C,179955,40-44,Mulher,102,329333,48,67.60999918,1,0
2022-08-24,1314389,Campanha C,179956,40-44,Mulher,103,1114711,224,319.0000019,6,0
2022-08-25,1314390,Campanha C,179957,40-44,Mulher,104,267316,58,82.92999887,3,0
2022-08-26,1314391,Campanha C,179958,40-44,Mulher,105,228629,38,57,2,0
2022-08-27,1314392,Campanha C,179959,40-44,Mulher,106,758340,159,233.110002,13,4
2022-08-28,1314393,Campanha C,179960,40-44,Mulher,107,877535,149,217.7799966,5,2
2022-08-29,1314394,Campanha C,179961,40-44,Mulher,108,1357386,223,323.0600071,10,1
2022-08-30,1314395,Campanha C,179962,40-44,Mulher,109,280240,61,87.99000168,2,2
2022-08-31,1314396,Campanha C,179963,40-44,Mulher,110,419922,75,105.4500008,3,1
2022-09-01,1314397,Campanha C,179964,40-44,Mulher,111,402975,83,120.8999977,1,0
2022-09-02,1314398,Campanha C,179965,40-44,Mulher,112,1137635,211,301.0499992,30,10
2022-09-03,1314400,Campanha C,179967,40-44,Mulher,114,250234,40,62.31999922,4,1
2022-09-04,1314401,Campanha C,179968,45-49,Mulher,100,904907,195,279.219995,11,1
2022-09-05,1314402,Campanha C,179969,45-49,Mulher,101,589270,107,158.0500023,10,4
2022-09-06,1314403,Campanha C,179970,45-49,Mulher,102,168714,24,36.01000071,2,2
2022-09-07,1314404,Campanha C,179971,45-49,Mulher,103,71982,11,16.34000051,1,0
2022-09-08,1314405,Campanha C,179972,45-49,Mulher,104,558666,110,162.6399975,14,5
2022-09-09,1314406,Campanha C,179973,45-49,Mulher,105,1118200,235,333.7499943,11,4
2022-09-10,1314407,Campanha C,179974,45-49,Mulher,106,107100,23,33.71000051,1,0
2022-09-11,1314408,Campanha C,179975,45-49,Mulher,107,877769,160,232.5900005,13,4
2022-09-12,1314409,Campanha C,179976,45-49,Mulher,108,212508,33,47.69000006,4,1
2022-09-13,1314410,Campanha C,179977,45-49,Mulher,109,1129773,252,358.189997,13,2
2022-09-14,1314411,Campanha C,179978,45-49,Mulher,110,637549,120,173.8800035,3,0
2022-09-15,1314412,Campanha C,179979,45-49,Mulher,111,151531,28,40.28999949,2,0
2022-09-16,1314414,Campanha C,179981,45-49,Mulher,113,790253,135,198.7100005,8,2
2022-09-17,1314415,Campanha C,179982,45-49,Mulher,114,513161,114,165.6099987,5,2